CELL_ID,X,Y
1,2215,4
2,2354,6
3,2280,6
4,2402,6
5,2252,8
6,2334,9
7,2166,13
8,2368,15
9,2418,14
10,2384,17
11,2228,18
12,2247,25
13,2280,24
14,2401,24
15,1717,24
16,2205,25
17,2315,24
18,2057,42
19,2348,33
20,2424,34
21,2225,35
22,1735,37
23,2259,38
24,2298,37
25,1755,37
26,2405,41
27,2085,42
28,2238,43
29,2384,44
30,2204,46
31,2177,51
32,2341,52
33,1752,56
34,2277,57
35,1734,56
36,2136,59
37,2218,58
38,2435,57
39,2193,60
40,2238,62
41,2482,62
42,1556,68
43,2005,66
44,2701,73
45,2317,73
46,2545,73
47,1454,75
48,2352,75
49,2213,76
50,1883,79
51,2149,80
52,2487,83
53,1635,80
54,1766,79
55,2047,81
56,1429,82
57,1470,81
58,1684,80
59,2286,81
60,2195,86
61,2233,87
62,2410,84
63,2434,84
64,1983,88
65,1498,91
66,1764,95
67,2319,95
68,1684,95
69,1865,94
70,2576,95
71,2556,97
72,2610,95
73,1444,96
74,1478,97
75,1998,95
76,2292,99
77,2355,99
78,1411,101
79,1603,101
80,1888,100
81,2028,99
82,2262,99
83,2386,95
84,1370,102
85,1462,103
86,1638,101
87,1788,100
88,2011,99
89,2095,99
90,2470,101
91,1743,101
92,2068,103
93,2109,104
94,1427,104
95,2172,102
96,2221,104
97,2430,105
98,1662,106
99,1715,99
100,2054,105
101,1353,106
102,2083,106
103,1942,108
104,2597,113
105,2627,108
106,2571,110
107,2243,110
108,1399,112
109,1510,112
110,1775,114
111,1825,112
112,1992,113
113,2273,111
114,2371,111
115,2687,112
116,1445,113
117,1687,113
118,1855,114
119,1890,114
120,2131,114
121,2532,114
122,2552,113
123,1329,115
124,2017,116
125,1311,117
126,2034,114
127,1382,118
128,1596,119
129,1669,118
130,1746,119
131,1762,116
132,1816,104
133,1871,119
134,2192,118
135,1731,123
136,2162,120
137,2347,122
138,2481,122
139,1905,123
140,2321,121
141,2794,122
142,1364,124
143,1445,125
144,1576,124
145,2450,124
146,1702,125
147,1828,124
148,2101,126
149,2235,126
150,1345,126
151,1625,126
152,1809,128
153,2283,127
154,2382,127
155,2423,129
156,1978,128
157,2176,130
158,1298,129
159,1380,131
160,1559,124
161,1653,130
162,1669,130
163,1687,131
164,1961,135
165,1638,132
166,2267,131
167,1269,133
168,1331,134
169,1932,133
170,1993,134
171,2040,133
172,2511,132
173,1612,135
174,1775,134
175,1315,135
176,1791,137
177,2811,136
178,1756,138
179,2252,137
180,2305,139
181,1832,140
182,2542,141
183,2771,140
184,2837,139
185,1289,140
186,2747,140
187,1347,143
188,1594,143
189,1713,143
190,2720,141
191,1564,144
192,1406,145
193,1895,145
194,2130,146
195,2212,147
196,1579,147
197,2161,148
198,2347,147
199,2861,149
200,1314,151
201,2791,151
202,1679,153
203,2271,153
204,1235,152
205,1635,154
206,2007,156
207,2749,159
208,1446,160
209,1813,159
210,2713,161
211,2827,160
212,1428,161
213,1462,164
214,1286,164
215,1506,163
216,2386,164
217,1582,167
218,2106,166
219,1266,167
220,1483,170
221,1904,168
222,2553,169
223,1226,170
224,2420,170
225,1539,171
226,1793,171
227,2205,170
228,2325,171
229,1659,172
230,1743,172
231,1829,172
232,2361,174
233,2908,173
234,1248,175
235,1960,174
236,2728,176
237,1413,176
238,1699,176
239,2745,177
240,2304,178
241,2247,177
242,2675,178
243,2866,177
244,1170,179
245,1506,180
246,1315,182
247,1633,180
248,2845,181
249,1388,183
250,2457,183
251,2079,186
252,1558,187
253,2137,185
254,2800,185
255,2881,186
256,1199,187
257,2758,188
258,2780,186
259,2818,187
260,1182,189
261,1988,189
262,1297,190
263,1351,190
264,1474,190
265,1453,186
266,1528,193
267,1717,192
268,1230,193
269,1617,193
270,2183,194
271,1399,195
272,2476,195
273,1272,198
274,1493,197
275,2016,198
276,2397,198
277,2580,198
278,1597,199
279,1166,202
280,1770,200
281,2232,201
282,2307,203
283,2418,203
284,2887,203
285,1210,207
286,2763,205
287,1248,207
288,1817,206
289,2711,206
290,1649,208
291,2365,208
292,2740,208
293,2905,206
294,2133,210
295,2922,210
296,1790,211
297,2212,212
298,2534,213
299,3002,209
300,1313,213
301,1564,214
302,2329,213
303,2603,212
304,2347,214
305,1519,217
306,2662,217
307,2781,217
308,2835,217
309,2253,221
310,2491,219
311,2627,219
312,1485,219
313,2424,219
314,2812,219
315,1113,221
316,1724,221
317,2874,221
318,1840,224
319,2853,223
320,1180,226
321,2188,224
322,2585,225
323,1671,227
324,1442,229
325,1923,227
326,2892,227
327,2931,229
328,1204,230
329,2278,229
330,2378,231
331,2950,228
332,2910,231
333,1154,232
334,1535,233
335,1631,232
336,2511,233
337,3000,233
338,3159,233
339,1386,236
340,2168,235
341,2316,235
342,2445,235
343,2806,236
344,3031,235
345,2680,235
346,2707,240
347,2128,240
348,2978,240
349,2958,243
350,1557,243
351,1870,243
352,2266,244
353,3053,244
354,2887,245
355,1328,246
356,2533,245
357,2925,246
358,1597,247
359,1137,250
360,1351,248
361,2662,251
362,2466,251
363,2780,249
364,2169,252
365,2250,251
366,1511,254
367,1623,254
368,1944,254
369,2106,254
370,2820,254
371,3086,255
372,2734,252
373,2196,259
374,2483,261
375,1859,262
376,2233,261
377,2502,262
378,2910,263
379,1523,263
380,2136,263
381,3142,264
382,1318,264
383,2372,264
384,2043,266
385,2526,267
386,1363,268
387,2003,267
388,3040,267
389,3189,267
390,2997,269
391,3112,269
392,2216,270
393,2558,268
394,3234,272
395,1038,273
396,2075,272
397,2781,274
398,1762,274
399,1847,277
400,1967,275
401,2750,278
402,1623,278
403,2931,279
404,1012,280
405,1890,283
406,2356,282
407,1327,283
408,1594,283
409,2146,285
410,3055,283
411,1387,285
412,1558,286
413,2959,281
414,1111,287
415,1650,288
416,2025,287
417,2172,286
418,2637,288
419,1300,287
420,1925,285
421,1747,291
422,3086,291
423,1417,293
424,2335,293
425,2672,292
426,1057,294
427,2191,294
428,2221,296
429,2403,294
430,2440,294
431,2887,295
432,1082,298
433,1362,298
434,3258,298
435,1977,299
436,2051,298
437,2078,300
438,1948,301
439,2941,303
440,1578,305
441,1857,302
442,2989,304
443,2006,304
444,2122,305
445,1307,306
446,1833,305
447,2170,306
448,3019,306
449,1447,308
450,2423,310
451,3063,310
452,2671,313
453,965,313
454,2697,313
455,986,315
456,1642,315
457,1770,314
458,2033,316
459,2550,314
460,2144,317
461,2198,317
462,2633,317
463,1883,316
464,1904,318
465,934,318
466,1007,320
467,2651,320
468,1090,322
469,2165,321
470,1968,324
471,1349,323
472,1998,323
473,2378,323
474,2812,324
475,1558,326
476,1926,325
477,2344,326
478,1741,327
479,3281,326
480,3307,327
481,1507,328
482,2781,328
483,1822,329
484,3331,329
485,1854,331
486,2476,332
487,3051,335
488,1768,338
489,1795,338
490,2125,338
491,3214,339
492,3265,339
493,1879,340
494,3021,341
495,2911,341
496,1935,345
497,1008,343
498,919,346
499,1956,347
500,2439,349
501,2951,349
502,2984,352
503,1310,353
504,1903,353
505,2196,354
506,2232,356
507,2377,356
508,2402,357
509,1863,358
510,2031,359
511,2102,358
512,1593,359
513,2125,361
514,2884,359
515,3062,360
516,3249,362
517,1480,362
518,1799,362
519,1652,364
520,2293,364
521,2860,365
522,898,365
523,957,365
524,1832,365
525,1933,366
526,1966,364
527,1511,365
528,2063,367
529,2472,368
530,2260,372
531,2973,371
532,2095,375
533,2357,374
534,2584,374
535,3177,376
536,1893,378
537,978,378
538,1478,380
539,2377,379
540,1599,381
541,2451,379
542,1286,380
543,1968,381
544,907,383
545,2938,382
546,3086,386
547,3424,383
548,1525,384
549,2709,384
550,2825,384
551,955,386
552,2144,387
553,1850,389
554,2981,389
555,865,389
556,2212,389
557,2656,391
558,2687,391
559,1630,393
560,2058,394
561,2109,396
562,1275,399
563,1933,397
564,1775,399
565,2297,399
566,1972,401
567,941,402
568,2411,401
569,2372,403
570,1374,403
571,1474,402
572,2322,404
573,2562,404
574,2849,402
575,3453,405
576,2170,407
577,3232,407
578,3306,408
579,843,409
580,1205,409
581,3103,410
582,2877,410
583,865,416
584,1025,418
585,1055,418
586,2208,417
587,1328,419
588,2141,421
589,2492,420
590,3047,420
591,3263,422
592,2455,423
593,1473,425
594,2423,423
595,3084,423
596,804,424
597,1921,426
598,2934,424
599,826,429
600,1106,426
601,1763,426
602,3122,428
603,892,429
604,2835,430
605,3447,431
606,1650,434
607,1534,435
608,1693,436
609,2227,436
610,2692,435
611,2540,436
612,3497,438
613,2068,439
614,2642,437
615,3420,441
616,1294,441
617,1349,442
618,1570,442
619,2602,444
620,2763,445
621,3070,445
622,847,445
623,2426,447
624,1674,449
625,1950,449
626,3295,447
627,1848,449
628,3152,449
629,801,450
630,1211,450
631,1254,451
632,1548,452
633,1444,453
634,2738,454
635,981,457
636,1233,458
637,1045,459
638,1123,459
639,3088,459
640,1626,461
641,774,463
642,2200,462
643,3107,462
644,1418,464
645,2084,464
646,1736,464
647,3380,465
648,885,467
649,2914,464
650,1704,469
651,2239,469
652,2652,469
653,2119,471
654,2143,470
655,2772,470
656,933,472
657,1388,473
658,1527,474
659,1086,475
660,1560,478
661,1999,476
662,2987,479
663,2725,480
664,2178,480
665,2448,480
666,2585,481
667,2835,481
668,3204,480
669,1890,483
670,2606,483
671,2909,484
672,2676,485
673,2353,489
674,770,490
675,3569,490
676,3386,491
677,970,493
678,1688,494
679,1652,497
680,2779,496
681,1333,497
682,2200,498
683,2563,498
684,2869,498
685,2927,501
686,3218,502
687,1559,503
688,3175,507
689,3404,507
690,2653,508
691,1403,508
692,3553,509
693,1140,511
694,1359,512
695,1807,511
696,2884,513
697,1970,515
698,779,515
699,1283,516
700,1531,515
701,1603,518
702,3344,518
703,3248,520
704,1575,519
705,1775,520
706,2989,523
707,882,526
708,1398,523
709,705,526
710,1022,526
711,2861,525
712,3059,529
713,731,529
714,1752,528
715,3199,530
716,1552,532
717,3570,531
718,994,534
719,1698,534
720,1716,534
721,3306,534
722,1060,535
723,1355,535
724,1371,538
725,1818,537
726,1277,540
727,1638,539
728,2006,539
729,672,540
730,923,543
731,1496,542
732,2426,541
733,1387,543
734,1414,543
735,2304,543
736,3011,545
737,1039,547
738,1769,546
739,2699,546
740,743,547
741,790,547
742,1334,547
743,1683,548
744,2854,548
745,2229,551
746,2981,551
747,2330,552
748,1967,555
749,2403,555
750,3068,556
751,3617,556
752,972,558
753,1240,560
754,2474,559
755,995,561
756,1468,560
757,1998,560
758,2775,561
759,915,562
760,3492,562
761,2545,564
762,3644,563
763,2248,567
764,3571,567
765,1658,567
766,3377,569
767,3451,569
768,1304,571
769,1639,572
770,1497,572
771,1523,573
772,2032,573
773,2745,576
774,2684,578
775,3084,577
776,1620,579
777,2424,578
778,2983,579
779,3633,579
780,2578,579
781,1851,582
782,781,583
783,1095,584
784,2079,583
785,2955,584
786,755,585
787,2129,584
788,3018,585
789,3671,586
790,1025,587
791,630,589
792,1919,588
793,3232,586
794,3102,591
795,2462,591
796,2532,592
797,2601,593
798,3053,592
799,1880,595
800,3543,595
801,3568,595
802,1352,596
803,1635,598
804,1800,597
805,2275,597
806,2500,599
807,2933,596
808,1826,599
809,2134,601
810,913,601
811,1484,602
812,2417,607
813,2718,601
814,793,603
815,3217,605
816,3691,604
817,2301,605
818,3266,606
819,1010,607
820,3156,608
821,3639,608
822,1254,608
823,2358,608
824,3179,608
825,738,609
826,1596,610
827,2200,611
828,2890,611
829,3241,613
830,3720,612
831,2103,614
832,946,615
833,1076,616
834,1846,616
835,1905,617
836,1937,616
837,983,618
838,2926,618
839,3078,617
840,3284,617
841,2240,620
842,1509,621
843,2000,622
844,1876,625
845,2262,624
846,3110,623
847,3593,625
848,1800,625
849,1964,624
850,1286,626
851,1311,626
852,2380,626
853,2721,628
854,721,629
855,931,630
856,3267,630
857,598,632
858,640,631
859,2633,632
860,1033,635
861,1247,634
862,1856,636
863,3338,636
864,752,638
865,2156,637
866,3569,638
867,3688,637
868,3152,639
869,2905,644
870,1722,646
871,2759,644
872,3640,646
873,1543,646
874,1904,646
875,1183,650
876,3131,650
877,3288,650
878,985,651
879,3612,652
880,1966,651
881,2784,651
882,1839,653
883,2465,654
884,730,654
885,1648,654
886,2093,655
887,583,656
888,605,657
889,1426,655
890,2808,655
891,1581,656
892,1624,657
893,562,659
894,914,658
895,1451,658
896,2407,659
897,2857,659
898,1008,659
899,1756,660
900,1940,661
901,1552,664
902,1288,665
903,2699,666
904,893,666
905,1069,667
906,1252,670
907,1476,669
908,2480,669
909,2614,670
910,3116,669
911,869,670
912,1576,675
913,1737,674
914,1455,677
915,3622,676
916,1519,676
917,1698,678
918,1842,677
919,2584,676
920,2972,677
921,1415,679
922,2442,678
923,1220,679
924,2524,680
925,2866,681
926,3230,682
927,850,684
928,1000,684
929,1196,683
930,2744,685
931,2892,680
932,968,685
933,1298,685
934,1877,686
935,1908,685
936,2842,685
937,1497,685
938,2276,685
939,1963,689
940,2934,690
941,3415,688
942,583,692
943,907,692
944,1594,692
945,2665,691
946,3370,690
947,1615,695
948,1643,694
949,2342,694
950,1541,696
951,2089,696
952,2230,696
953,2781,696
954,3258,697
955,677,698
956,2127,698
957,1170,699
958,1397,698
959,2867,699
960,652,700
961,2829,700
962,2567,704
963,730,702
964,2982,703
965,1469,706
966,2459,705
967,1821,708
968,2013,707
969,2896,709
970,3394,708
971,550,710
972,1429,711
973,1938,710
974,1494,712
975,1904,711
976,2587,710
977,598,714
978,1604,715
979,2419,716
980,2250,716
981,686,718
982,819,718
983,1075,719
984,1156,720
985,3340,719
986,3422,718
987,758,720
988,2060,721
989,3499,722
990,1845,723
991,988,725
992,3775,726
993,794,727
994,962,725
995,524,727
996,553,728
997,2166,727
998,932,728
999,880,728
1000,2037,731
1001,2134,732
1002,2297,732
1003,2231,733
1004,2503,734
1005,1609,738
1006,2397,736
1007,3168,736
1008,1092,739
1009,2441,738
1010,2811,738
1011,541,739
1012,2836,740
1013,3401,738
1014,766,742
1015,2876,741
1016,518,742
1017,581,744
1018,950,745
1019,1303,744
1020,3544,744
1021,3622,745
1022,1663,746
1023,2569,745
1024,2076,748
1025,2522,748
1026,1768,750
1027,3515,748
1028,862,751
1029,1131,751
1030,658,754
1031,1873,757
1032,1994,757
1033,3130,757
1034,494,761
1035,1318,761
1036,1359,761
1037,1387,759
1038,2206,760
1039,2498,760
1040,3499,762
1041,1106,762
1042,1545,762
1043,1591,762
1044,2386,762
1045,3532,763
1046,954,765
1047,1338,765
1048,2594,764
1049,1260,765
1050,2551,765
1051,3388,765
1052,3640,766
1053,625,766
1054,928,766
1055,2528,768
1056,559,768
1057,2160,768
1058,3149,770
1059,1641,770
1060,2855,769
1061,2436,772
1062,1147,773
1063,3189,774
1064,3238,775
1065,3694,774
1066,2357,780
1067,3474,780
1068,1169,782
1069,2507,783
1070,2571,782
1071,766,784
1072,874,783
1073,2607,784
1074,3617,783
1075,1418,784
1076,1754,785
1077,1837,785
1078,469,786
1079,1357,786
1080,2790,788
1081,3257,789
1082,536,789
1083,1547,789
1084,2811,790
1085,3507,790
1086,3591,791
1087,945,792
1088,2482,793
1089,911,794
1090,2035,793
1091,2402,794
1092,627,796
1093,1953,796
1094,795,796
1095,991,796
1096,1607,796
1097,2188,796
1098,2745,798
1099,1217,798
1100,2714,800
1101,518,803
1102,1332,803
1103,3175,802
1104,491,804
1105,1814,803
1106,2821,804
1107,726,805
1108,851,805
1109,2687,804
1110,3372,804
1111,655,806
1112,3751,806
1113,1032,807
1114,1401,807
1115,3569,806
1116,1128,809
1117,2316,808
1118,2662,810
1119,3099,810
1120,1151,812
1121,1364,810
1122,2433,811
1123,827,812
1124,2464,812
1125,2795,813
1126,3784,813
1127,1216,815
1128,964,816
1129,1421,816
1130,1872,817
1131,573,818
1132,1458,818
1133,1959,820
1134,2506,821
1135,2816,821
1136,3156,822
1137,546,822
1138,1245,820
1139,1194,822
1140,1722,823
1141,2535,822
1142,3549,823
1143,3265,825
1144,2627,827
1145,3816,827
1146,456,828
1147,1785,828
1148,2128,828
1149,792,830
1150,672,832
1151,1403,831
1152,2562,831
1153,2925,833
1154,3382,832
1155,3592,832
1156,484,833
1157,501,833
1158,3292,833
1159,3665,836
1160,917,835
1161,2698,836
1162,556,837
1163,1759,840
1164,1925,839
1165,2643,839
1166,1383,841
1167,1676,841
1168,2762,840
1169,3641,842
1170,874,841
1171,2426,841
1172,1202,843
1173,2463,843
1174,3324,842
1175,3439,843
1176,3571,843
1177,3793,843
1178,1036,845
1179,2366,845
1180,3766,843
1181,1843,845
1182,2344,846
1183,2040,846
1184,2390,847
1185,1265,848
1186,2289,848
1187,3503,848
1188,1063,850
1189,3213,849
1190,574,852
1191,2781,851
1192,3120,851
1193,3533,851
1194,2211,853
1195,2182,854
1196,672,854
1197,3397,855
1198,1237,856
1199,2806,857
1200,548,859
1201,630,857
1202,3179,859
1203,985,859
1204,2876,859
1205,3621,860
1206,3774,860
1207,1017,861
1208,1899,860
1209,1374,862
1210,894,864
1211,918,864
1212,2599,865
1213,3060,863
1214,1437,864
1215,2159,865
1216,3318,866
1217,1084,866
1218,3559,867
1219,3821,867
1220,2395,869
1221,2698,867
1222,1343,869
1223,2422,870
1224,2843,868
1225,2974,871
1226,2060,872
1227,2097,872
1228,2482,873
1229,3736,874
1230,1504,874
1231,1936,874
1232,2292,875
1233,671,876
1234,3454,876
1235,643,877
1236,3770,880
1237,399,879
1238,1667,881
1239,1737,883
1240,1842,883
1241,2718,882
1242,3402,882
1243,1561,884
1244,1814,885
1245,3026,884
1246,1530,885
1247,1870,886
1248,2655,886
1249,1058,888
1250,1237,888
1251,472,891
1252,494,890
1253,2838,891
1254,3432,890
1255,692,892
1256,3138,897
1257,3477,892
1258,450,893
1259,1282,893
1260,3098,893
1261,1302,894
1262,2276,896
1263,3343,896
1264,633,898
1265,661,897
1266,3653,897
1267,3749,897
1268,3823,898
1269,2141,899
1270,2628,900
1271,2732,900
1272,912,901
1273,1104,904
1274,1411,903
1275,2453,901
1276,2891,903
1277,3894,903
1278,404,904
1279,1526,904
1280,1757,904
1281,2100,905
1282,3506,905
1283,719,906
1284,3180,908
1285,3413,907
1286,568,908
1287,3552,908
1288,3855,910
1289,3781,912
1290,2856,912
1291,1308,913
1292,1894,913
1293,3445,915
1294,943,917
1295,1510,918
1296,383,919
1297,663,919
1298,871,918
1299,1713,920
1300,2125,919
1301,2880,920
1302,588,923
1303,2744,921
1304,748,922
1305,1063,922
1306,2431,922
1307,473,924
1308,633,923
1309,1200,923
1310,1554,924
1311,2280,923
1312,3351,924
1313,1924,925
1314,3144,926
1315,2646,927
1316,3310,926
1317,913,927
1318,1235,928
1319,3222,927
1320,1165,930
1321,3548,930
1322,3687,928
1323,1788,931
1324,3430,931
1325,886,933
1326,2593,934
1327,559,933
1328,3390,934
1329,2897,935
1330,1692,936
1331,2792,937
1332,1258,938
1333,1297,939
1334,397,940
1335,655,940
1336,1089,939
1337,2819,938
1338,1759,941
1339,3918,942
1340,605,942
1341,1212,942
1342,3246,943
1343,484,945
1344,2933,947
1345,764,948
1346,1493,948
1347,3419,948
1348,445,948
1349,630,949
1350,736,950
1351,1929,949
1352,3331,948
1353,2287,951
1354,555,954
1355,1874,953
1356,1609,953
1357,2681,956
1358,2891,957
1359,2911,956
1360,3158,956
1361,3669,955
1362,1687,957
1363,2772,956
1364,3538,959
1365,878,959
1366,1229,960
1367,375,962
1368,1752,961
1369,3624,961
1370,786,961
1371,2818,963
1372,612,964
1373,2075,963
1374,712,963
1375,1449,965
1376,3734,964
1377,1173,967
1378,3026,966
1379,3364,967
1380,1285,968
1381,835,971
1382,991,969
1383,1198,969
1384,1423,968
1385,903,970
1386,1257,968
1387,3329,971
1388,508,972
1389,3388,974
1390,597,974
1391,1014,974
1392,1598,974
1393,2875,975
1394,3691,975
1395,3772,977
1396,673,978
1397,2785,980
1398,458,979
1399,796,980
1400,637,982
1401,1499,982
1402,1535,981
1403,1747,980
1404,2720,981
1405,2929,980
1406,699,981
1407,1333,982
1408,2998,982
1409,774,984
1410,1404,984
1411,725,985
1412,751,984
1413,1676,985
1414,2438,985
1415,3084,986
1416,3637,986
1417,1259,988
1418,1649,988
1419,556,990
1420,599,990
1421,1620,990
1422,2332,989
1423,2749,991
1424,3719,993
1425,3530,995
1426,3942,996
1427,494,997
1428,1306,998
1429,1972,997
1430,2092,997
1431,3219,998
1432,3331,998
1433,654,1001
1434,1719,1000
1435,3589,1000
1436,2382,1001
1437,2855,1001
1438,2912,1002
1439,3500,1001
1440,586,1003
1441,1039,1002
1442,2306,1002
1443,2567,1002
1444,526,1003
1445,1495,1005
1446,1880,1005
1447,2124,1004
1448,616,1006
1449,678,1006
1450,803,1005
1451,3031,1008
1452,1259,1009
1453,1376,1009
1454,2154,1008
1455,3972,1009
1456,780,1010
1457,1772,1011
1458,1853,1010
1459,902,1012
1460,879,1013
1461,2326,1014
1462,2350,1014
1463,3076,1013
1464,3100,1014
1465,3571,1014
1466,3638,1014
1467,1472,1015
1468,3482,1016
1469,1063,1016
1470,651,1017
1471,2109,1018
1472,2237,1018
1473,2587,1020
1474,2982,1019
1475,3550,1022
1476,492,1022
1477,824,1021
1478,1638,1022
1479,2513,1023
1480,2754,1022
1481,2038,1025
1482,2134,1025
1483,3085,1025
1484,3606,1024
1485,954,1027
1486,978,1026
1487,2084,1026
1488,2536,1026
1489,3042,1026
1490,3655,1025
1491,3791,1028
1492,328,1029
1493,639,1028
1494,749,1028
1495,790,1029
1496,1895,1029
1497,3988,1028
1498,531,1030
1499,560,1030
1500,667,1031
1501,1388,1032
1502,1855,1031
1503,2298,1030
1504,609,1032
1505,2173,1032
1506,1358,1035
1507,857,1034
1508,1001,1035
1509,1037,1035
1510,1656,1036
1511,1697,1035
1512,2212,1035
1513,3667,1036
1514,1276,1036
1515,2491,1036
1516,460,1037
1517,3539,1039
1518,731,1038
1519,764,1040
1520,1445,1038
1521,4000,1039
1522,1472,1042
1523,592,1044
1524,1993,1042
1525,3521,1042
1526,3619,1043
1527,483,1045
1528,3100,1045
1529,709,1045
1530,927,1047
1531,1300,1046
1532,1804,1044
1533,321,1049
1534,1160,1049
1535,3896,1048
1536,2273,1050
1537,2709,1050
1538,3683,1050
1539,1122,1051
1540,2128,1050
1541,2314,1051
1542,459,1053
1543,1056,1051
1544,1093,1053
1545,1843,1052
1546,2570,1053
1547,3168,1053
1548,3357,1051
1549,545,1053
1550,2604,1055
1551,516,1055
1552,847,1057
1553,1800,1060
1554,737,1061
1555,1754,1062
1556,2007,1062
1557,2036,1061
1558,3201,1062
1559,3563,1061
1560,709,1063
1561,2441,1062
1562,3323,1062
1563,3524,1063
1564,3588,1063
1565,2893,1065
1566,3544,1065
1567,3979,1064
1568,775,1065
1569,1211,1065
1570,1404,1066
1571,3912,1066
1572,306,1068
1573,592,1068
1574,3474,1066
1575,3861,1067
1576,669,1069
1577,1338,1068
1578,1450,1069
1579,3613,1068
1580,1971,1070
1581,3790,1070
1582,420,1069
1583,870,1071
1584,1059,1073
1585,1475,1073
1586,1843,1073
1587,402,1073
1588,510,1075
1589,3650,1073
1590,721,1075
1591,3276,1076
1592,3347,1075
1593,3710,1077
1594,3815,1078
1595,1173,1076
1596,1264,1076
1597,4015,1076
1598,543,1079
1599,1787,1078
1600,575,1080
1601,748,1078
1602,1597,1079
1603,3305,1078
1604,2927,1081
1605,3375,1081
1606,3587,1080
1607,778,1084
1608,1744,1082
1609,2210,1083
1610,3165,1083
1611,1325,1084
1612,2421,1085
1613,707,1085
1614,1440,1085
1615,1503,1085
1616,1622,1085
1617,3252,1086
1618,3479,1086
1619,410,1087
1620,662,1085
1621,1098,1087
1622,1141,1087
1623,1697,1087
1624,2019,1086
1625,2087,1087
1626,3095,1086
1627,429,1089
1628,852,1089
1629,489,1089
1630,3660,1090
1631,1542,1091
1632,1715,1093
1633,2182,1091
1634,726,1091
1635,1193,1092
1636,2894,1092
1637,3835,1092
1638,886,1093
1639,1845,1093
1640,2120,1093
1641,3195,1094
1642,3335,1094
1643,3727,1093
1644,640,1095
1645,1248,1094
1646,2843,1095
1647,684,1094
1648,455,1098
1649,763,1098
1650,2773,1097
1651,3545,1098
1652,1480,1100
1653,1971,1099
1654,2686,1098
1655,3024,1098
1656,3900,1099
1657,396,1102
1658,1998,1102
1659,3077,1102
1660,3289,1102
1661,3583,1102
1662,3939,1101
1663,741,1103
1664,2709,1103
1665,2100,1106
1666,2567,1104
1667,4018,1104
1668,435,1106
1669,523,1104
1670,661,1106
1671,807,1105
1672,499,1107
1673,692,1108
1674,1326,1108
1675,786,1110
1676,1380,1109
1677,3808,1110
1678,1403,1111
1679,721,1113
1680,877,1113
1681,2470,1112
1682,3630,1112
1683,1846,1114
1684,2662,1114
1685,2866,1113
1686,1200,1115
1687,2347,1115
1688,2905,1114
1689,305,1116
1690,619,1116
1691,1811,1116
1692,2431,1116
1693,2733,1117
1694,3023,1117
1695,3329,1116
1696,3424,1115
1697,675,1118
1698,708,1117
1699,574,1117
1700,379,1121
1701,1734,1120
1702,2155,1121
1703,2224,1122
1704,1351,1123
1705,1709,1122
1706,2694,1124
1707,538,1124
1708,750,1125
1709,853,1125
1710,2249,1126
1711,2937,1126
1712,4011,1125
1713,1035,1126
1714,497,1128
1715,1858,1128
1716,2032,1128
1717,3307,1129
1718,3356,1128
1719,3767,1128
1720,692,1131
1721,277,1131
1722,2529,1131
1723,3700,1131
1724,3785,1130
1725,988,1132
1726,1179,1131
1727,3235,1132
1728,469,1134
1729,662,1135
1730,897,1134
1731,2749,1135
1732,2878,1135
1733,3026,1135
1734,804,1136
1735,1362,1137
1736,3441,1136
1737,435,1137
1738,1588,1137
1739,2480,1137
1740,576,1138
1741,2383,1139
1742,3104,1138
1743,3749,1138
1744,618,1141
1745,2012,1139
1746,532,1142
1747,1818,1142
1748,1715,1143
1749,3719,1143
1750,1405,1144
1751,2435,1144
1752,1468,1146
1753,2299,1146
1754,2671,1147
1755,2703,1147
1756,3387,1146
1757,3796,1147
1758,783,1149
1759,2160,1148
1760,3053,1147
1761,3977,1151
1762,866,1151
1763,1785,1151
1764,745,1154
1765,2205,1154
1766,2274,1154
1767,936,1155
1768,1569,1157
1769,1868,1157
1770,2624,1157
1771,2974,1156
1772,4025,1157
1773,957,1158
1774,1189,1159
1775,2251,1158
1776,3697,1159
1777,986,1160
1778,2180,1159
1779,2476,1160
1780,3219,1160
1781,3948,1162
1782,3408,1162
1783,282,1164
1784,720,1163
1785,1443,1164
1786,1522,1164
1787,1636,1165
1788,1668,1164
1789,3446,1164
1790,2004,1165
1791,3022,1165
1792,3311,1164
1793,3341,1166
1794,3820,1166
1795,1233,1168
1796,2384,1169
1797,2453,1167
1798,2584,1168
1799,1419,1170
1800,2337,1170
1801,3917,1171
1802,1343,1172
1803,429,1173
1804,458,1174
1805,2094,1175
1806,3471,1172
1807,589,1175
1808,1755,1174
1809,3587,1175
1810,1705,1176
1811,957,1179
1812,2167,1178
1813,2991,1178
1814,3977,1179
1815,2209,1179
1816,383,1182
1817,1890,1181
1818,1921,1182
1819,2624,1183
1820,2670,1181
1821,3189,1181
1822,687,1182
1823,1536,1183
1824,3418,1183
1825,3785,1181
1826,1728,1183
1827,2359,1185
1828,3565,1184
1829,1684,1186
1830,1271,1187
1831,3334,1186
1832,541,1188
1833,1635,1188
1834,2064,1188
1835,1417,1190
1836,1569,1190
1837,1984,1188
1838,3494,1189
1839,666,1193
1840,3542,1192
1841,2038,1194
1842,3169,1193
1843,1597,1193
1844,2106,1193
1845,2240,1194
1846,2527,1194
1847,2906,1193
1848,2861,1195
1849,3027,1195
1850,3753,1195
1851,1484,1197
1852,2141,1197
1853,2586,1197
1854,2645,1197
1855,3288,1197
1856,3913,1197
1857,1248,1198
1858,1724,1201
1859,2284,1200
1860,3466,1200
1861,3787,1200
1862,599,1201
1863,1446,1201
1864,504,1204
1865,1144,1203
1866,1998,1204
1867,526,1205
1868,1177,1207
1869,1546,1206
1870,2461,1206
1871,819,1207
1872,3192,1207
1873,3434,1205
1874,931,1208
1875,1195,1208
1876,1212,1211
1877,2930,1209
1878,3107,1209
1879,3710,1210
1880,1603,1211
1881,952,1210
1882,1113,1212
1883,1792,1211
1884,1817,1211
1885,480,1214
1886,2115,1214
1887,1394,1214
1888,3977,1215
1889,1376,1216
1890,1866,1216
1891,2555,1217
1892,2775,1216
1893,443,1217
1894,2659,1218
1895,1305,1220
1896,1573,1221
1897,1840,1223
1898,2234,1220
1899,917,1224
1900,544,1225
1901,3603,1225
1902,3872,1225
1903,876,1226
1904,1039,1226
1905,3496,1225
1906,345,1227
1907,1140,1226
1908,3112,1229
1909,308,1229
1910,469,1228
1911,2926,1229
1912,2998,1227
1913,958,1230
1914,1162,1230
1915,4002,1229
1916,992,1232
1917,1521,1232
1918,2074,1232
1919,2207,1232
1920,3717,1233
1921,3357,1233
1922,1122,1234
1923,1245,1233
1924,2571,1234
1925,2731,1234
1926,2912,1234
1927,566,1236
1928,3011,1236
1929,3081,1235
1930,1147,1237
1931,1981,1237
1932,2228,1239
1933,3404,1236
1934,2152,1239
1935,1445,1240
1936,1884,1238
1937,2539,1239
1938,2026,1241
1939,741,1243
1940,821,1243
1941,1677,1243
1942,2050,1242
1943,436,1244
1944,1592,1245
1945,2591,1245
1946,3757,1244
1947,3788,1245
1948,1752,1245
1949,3967,1246
1950,1722,1248
1951,4021,1249
1952,2465,1250
1953,2648,1251
1954,4002,1251
1955,858,1251
1956,1399,1251
1957,1943,1252
1958,2930,1252
1959,326,1254
1960,894,1254
1961,969,1254
1962,2120,1254
1963,1154,1256
1964,2241,1256
1965,915,1256
1966,1000,1257
1967,1190,1258
1968,1375,1256
1969,1774,1257
1970,2010,1257
1971,2419,1257
1972,2443,1257
1973,2501,1257
1974,2846,1257
1975,2979,1256
1976,3936,1257
1977,299,1259
1978,3270,1258
1979,1113,1259
1980,2542,1260
1981,685,1260
1982,2074,1260
1983,3247,1261
1984,403,1261
1985,748,1262
1986,2054,1263
1987,3732,1261
1988,834,1263
1989,1676,1263
1990,2394,1264
1991,3222,1263
1992,1304,1265
1993,1425,1264
1994,1705,1265
1995,3432,1264
1996,3605,1265
1997,348,1266
1998,378,1266
1999,490,1266
2000,1506,1266
2001,1544,1267
2002,2338,1266
2003,3704,1265
2004,607,1267
2005,1028,1268
2006,1758,1269
2007,2800,1267
2008,2994,1268
2009,3321,1267
2010,1325,1269
2011,3293,1269
2012,2034,1270
2013,2946,1270
2014,3026,1269
2015,2097,1272
2016,3666,1271
2017,649,1272
2018,1395,1273
2019,2136,1275
2020,3379,1275
2021,3458,1275
2022,3556,1275
2023,2541,1279
2024,2882,1278
2025,4027,1279
2026,532,1280
2027,700,1279
2028,1122,1281
2029,2077,1281
2030,3744,1280
2031,271,1282
2032,855,1281
2033,1680,1284
2034,945,1284
2035,2977,1284
2036,3974,1285
2037,623,1285
2038,1444,1285
2039,996,1288
2040,3313,1288
2041,3688,1287
2042,1789,1289
2043,2902,1288
2044,3432,1288
2045,905,1289
2046,1744,1290
2047,2655,1292
2048,1290,1292
2049,3045,1292
2050,3512,1293
2051,1504,1295
2052,1955,1296
2053,3490,1296
2054,564,1297
2055,2558,1298
2056,2807,1298
2057,3336,1299
2058,3553,1300
2059,2858,1301
2060,3458,1301
2061,1332,1301
2062,1602,1302
2063,639,1305
2064,1038,1304
2065,1449,1303
2066,2124,1303
2067,3742,1303
2068,3936,1303
2069,3614,1306
2070,324,1307
2071,803,1307
2072,1479,1307
2073,2245,1306
2074,2476,1307
2075,2501,1308
2076,3530,1307
2077,1723,1309
2078,1109,1309
2079,1373,1309
2080,1762,1311
2081,1982,1309
2082,2220,1308
2083,3586,1309
2084,778,1312
2085,3813,1312
2086,2016,1313
2087,2347,1312
2088,3112,1312
2089,556,1315
2090,3281,1314
2091,1502,1316
2092,1875,1315
2093,3564,1316
2094,2796,1317
2095,3408,1320
2096,2415,1321
2097,2703,1320
2098,2237,1322
2099,2617,1322
2100,3007,1322
2101,3030,1322
2102,1518,1323
2103,281,1324
2104,2330,1325
2105,2661,1324
2106,1556,1326
2107,1582,1327
2108,1952,1327
2109,2218,1327
2110,384,1329
2111,883,1329
2112,1101,1329
2113,1203,1327
2114,2485,1328
2115,308,1330
2116,1333,1330
2117,3505,1329
2118,2036,1331
2119,3251,1331
2120,1638,1332
2121,3576,1333
2122,469,1331
2123,498,1334
2124,1357,1335
2125,1875,1335
2126,3679,1335
2127,3846,1335
2128,638,1336
2129,1494,1336
2130,3545,1336
2131,1390,1338
2132,2060,1341
2133,2589,1337
2134,3087,1338
2135,1536,1339
2136,542,1340
2137,2260,1340
2138,3658,1339
2139,3713,1340
2140,771,1342
2141,2000,1340
2142,2198,1342
2143,2319,1341
2144,2460,1341
2145,3634,1342
2146,323,1343
2147,661,1344
2148,1824,1343
2149,1721,1345
2150,1744,1345
2151,2524,1345
2152,460,1348
2153,481,1349
2154,1690,1347
2155,801,1349
2156,1847,1348
2157,3396,1349
2158,3811,1349
2159,1068,1349
2160,1405,1350
2161,2372,1350
2162,2556,1349
2163,831,1351
2164,990,1351
2165,1299,1352
2166,2416,1351
2167,3122,1353
2168,3604,1352
2169,1341,1356
2170,1463,1353
2171,2670,1355
2172,1124,1356
2173,1265,1355
2174,2818,1356
2175,3733,1355
2176,3057,1357
2177,3241,1358
2178,3664,1359
2179,2790,1358
2180,511,1360
2181,1942,1360
2182,1155,1359
2183,2954,1362
2184,1478,1363
2185,1639,1363
2186,1281,1365
2187,2016,1365
2188,2402,1365
2189,3699,1364
2190,3755,1363
2191,346,1365
2192,432,1366
2193,922,1366
2194,1095,1365
2195,1421,1365
2196,1731,1365
2197,2732,1366
2198,415,1367
2199,454,1366
2200,2434,1367
2201,2692,1367
2202,2841,1368
2203,3273,1367
2204,396,1369
2205,1440,1367
2206,1714,1369
2207,1822,1369
2208,1852,1370
2209,3377,1368
2210,841,1370
2211,2506,1369
2212,286,1370
2213,370,1370
2214,2298,1371
2215,3173,1371
2216,3777,1371
2217,1899,1372
2218,2230,1373
2219,3306,1372
2220,1456,1375
2221,1591,1372
2222,3580,1374
2223,267,1376
2224,1551,1375
2225,2789,1376
2226,2985,1375
2227,3023,1375
2228,3721,1377
2229,1404,1377
2230,1533,1377
2231,2464,1377
2232,468,1379
2233,882,1379
2234,1245,1378
2235,1776,1379
2236,603,1381
2237,1312,1380
2238,3608,1380
2239,3632,1380
2240,2120,1381
2241,2615,1381
2242,1928,1382
2243,3062,1382
2244,3756,1382
2245,1728,1384
2246,1568,1385
2247,2553,1385
2248,855,1387
2249,2373,1386
2250,2939,1387
2251,3004,1387
2252,3946,1387
2253,662,1388
2254,1165,1387
2255,449,1391
2256,1124,1391
2257,1198,1392
2258,1646,1391
2259,1593,1394
2260,1680,1392
2261,2729,1394
2262,3026,1394
2263,1501,1394
2264,1535,1394
2265,2392,1393
2266,828,1396
2267,2252,1396
2268,3400,1396
2269,3765,1397
2270,1357,1397
2271,1424,1396
2272,1615,1397
2273,1713,1401
2274,1965,1398
2275,2148,1398
2276,2887,1398
2277,1991,1398
2278,2349,1399
2279,3595,1399
2280,379,1400
2281,2750,1399
2282,1079,1402
2283,2911,1401
2284,1313,1402
2285,3792,1402
2286,1914,1404
2287,1401,1406
2288,1553,1405
2289,1783,1405
2290,1644,1408
2291,2550,1406
2292,3069,1406
2293,3713,1406
2294,639,1408
2295,1698,1408
2296,1826,1406
2297,665,1409
2298,999,1410
2299,1334,1408
2300,2380,1411
2301,238,1410
2302,1677,1411
2303,1488,1412
2304,3018,1412
2305,3200,1412
2306,3847,1412
2307,680,1412
2308,2400,1415
2309,2991,1413
2310,3087,1412
2311,4013,1413
2312,615,1415
2313,1538,1416
2314,1578,1415
2315,1946,1413
2316,3338,1414
2317,406,1415
2318,1022,1416
2319,3309,1415
2320,1048,1417
2321,1368,1416
2322,3120,1416
2323,3366,1418
2324,1516,1419
2325,2108,1419
2326,2337,1418
2327,1259,1420
2328,2362,1420
2329,3389,1419
2330,1322,1423
2331,2510,1420
2332,3696,1421
2333,1883,1423
2334,2189,1423
2335,2639,1422
2336,2801,1424
2337,3221,1424
2338,276,1425
2339,1626,1425
2340,1764,1424
2341,2161,1425
2342,981,1426
2343,1791,1428
2344,3171,1428
2345,3405,1428
2346,167,1430
2347,600,1428
2348,1655,1428
2349,1833,1429
2350,646,1431
2351,791,1431
2352,3050,1432
2353,3816,1432
2354,1489,1434
2355,3079,1433
2356,3143,1433
2357,1910,1435
2358,2388,1435
2359,2830,1436
2360,2852,1433
2361,3320,1436
2362,2029,1435
2363,2902,1437
2364,2982,1437
2365,3195,1436
2366,3764,1436
2367,1515,1438
2368,1975,1438
2369,2780,1437
2370,3267,1437
2371,3597,1438
2372,1225,1438
2373,2135,1439
2374,3424,1440
2375,2183,1440
2376,2331,1440
2377,2408,1441
2378,1768,1444
2379,2451,1442
2380,2507,1443
2381,3526,1442
2382,959,1444
2383,3486,1444
2384,1563,1444
2385,1595,1444
2386,2872,1445
2387,606,1447
2388,1000,1447
2389,1104,1446
2390,1323,1445
2391,635,1448
2392,3116,1451
2393,279,1451
2394,1281,1450
2395,1617,1449
2396,1822,1451
2397,2065,1452
2398,3319,1453
2399,2154,1453
2400,2435,1453
2401,2799,1454
2402,3274,1455
2403,2195,1454
2404,2553,1454
2405,2853,1454
2406,240,1457
2407,1496,1455
2408,1790,1456
2409,2001,1455
2410,2632,1456
2411,3830,1456
2412,649,1456
2413,2395,1457
2414,2903,1458
2415,3213,1456
2416,4012,1456
2417,1549,1459
2418,2018,1457
2419,3296,1456
2420,3439,1458
2421,3548,1457
2422,1627,1461
2423,3045,1459
2424,703,1460
2425,2323,1461
2426,2585,1461
2427,2771,1461
2428,1646,1462
2429,1672,1461
2430,3773,1461
2431,675,1463
2432,1746,1462
2433,2824,1465
2434,1310,1467
2435,1370,1466
2436,2468,1466
2437,2503,1466
2438,3462,1467
2439,3528,1468
2440,2885,1468
2441,3598,1467
2442,307,1469
2443,1534,1469
2444,1609,1469
2445,2076,1468
2446,2844,1471
2447,3881,1468
2448,1700,1469
2449,1981,1470
2450,604,1472
2451,1174,1472
2452,3338,1469
2453,3492,1472
2454,2396,1473
2455,410,1474
2456,1507,1474
2457,2270,1474
2458,2867,1476
2459,2121,1475
2460,2484,1476
2461,3738,1475
2462,1959,1476
2463,640,1478
2464,875,1478
2465,1333,1480
2466,1386,1479
2467,1431,1477
2468,1719,1478
2469,1745,1479
2470,1824,1479
2471,2442,1478
2472,2556,1477
2473,2576,1478
2474,3294,1478
2475,4010,1479
2476,2183,1480
2477,1406,1480
2478,1763,1481
2479,2318,1481
2480,3364,1481
2481,3638,1481
2482,1786,1483
2483,2151,1481
2484,2644,1482
2485,3112,1482
2486,3668,1482
2487,942,1483
2488,194,1485
2489,352,1486
2490,1036,1485
2491,2599,1485
2492,716,1485
2493,808,1486
2494,3042,1485
2495,1254,1486
2496,2075,1489
2497,3471,1488
2498,1224,1491
2499,2623,1490
2500,589,1492
2501,1516,1492
2502,2389,1490
2503,2934,1494
2504,3137,1494
2505,3887,1493
2506,612,1494
2507,691,1494
2508,2550,1495
2509,293,1495
2510,2032,1497
2511,3786,1497
2512,2320,1498
2513,3386,1498
2514,1735,1499
2515,3303,1500
2516,3805,1499
2517,3825,1499
2518,2692,1501
2519,3073,1501
2520,1269,1502
2521,1776,1503
2522,1932,1502
2523,2144,1502
2524,2656,1502
2525,3848,1503
2526,518,1504
2527,1375,1503
2528,1895,1503
2529,2087,1503
2530,1396,1505
2531,2535,1504
2532,3475,1506
2533,3556,1507
2534,910,1507
2535,1586,1507
2536,1702,1507
2537,1829,1506
2538,3039,1509
2539,3192,1509
2540,3357,1508
2541,1333,1512
2542,1755,1511
2543,1999,1511
2544,2562,1512
2545,3991,1511
2546,593,1512
2547,939,1512
2548,1807,1512
2549,2116,1510
2550,2225,1511
2551,2306,1512
2552,2332,1512
2553,3396,1514
2554,1682,1514
2555,1464,1515
2556,2805,1516
2557,3221,1515
2558,1207,1516
2559,3926,1517
2560,572,1517
2561,699,1518
2562,1718,1518
2563,1875,1518
2564,2176,1518
2565,1422,1520
2566,2143,1520
2567,2926,1518
2568,3415,1520
2569,2526,1521
2570,2764,1520
2571,3440,1521
2572,1659,1522
2573,2671,1522
2574,2736,1522
2575,2835,1521
2576,3296,1522
2577,3464,1522
2578,1145,1524
2579,1263,1523
2580,2277,1523
2581,2600,1522
2582,3492,1524
2583,1493,1524
2584,1767,1527
2585,1976,1526
2586,2344,1526
2587,253,1527
2588,640,1527
2589,2085,1528
2590,3951,1527
2591,593,1529
2592,2508,1530
2593,422,1531
2594,2882,1531
2595,3827,1532
2596,1334,1534
2597,1694,1533
2598,2859,1534
2599,3256,1534
2600,3345,1534
2601,546,1536
2602,1735,1540
2603,3115,1535
2604,3234,1536
2605,1474,1537
2606,2134,1536
2607,3279,1536
2608,3799,1542
2609,3985,1536
2610,1603,1537
2611,1822,1539
2612,2238,1538
2613,2358,1539
2614,525,1539
2615,609,1541
2616,1360,1538
2617,1900,1540
2618,2214,1539
2619,2299,1539
2620,2488,1539
2621,2673,1540
2622,3571,1541
2623,1049,1542
2624,1210,1542
2625,565,1543
2626,2585,1544
2627,3762,1545
2628,3860,1543
2629,278,1545
2630,379,1545
2631,2385,1545
2632,1273,1547
2633,1456,1547
2634,2465,1548
2635,3536,1547
2636,3721,1549
2637,636,1551
2638,1133,1549
2639,1952,1550
2640,3088,1551
2641,3831,1551
2642,163,1551
2643,1498,1552
2644,1588,1552
2645,2740,1551
2646,1695,1550
2647,2857,1552
2648,3784,1553
2649,3962,1553
2650,2064,1555
2651,1615,1556
2652,2145,1556
2653,2967,1556
2654,3494,1555
2655,3936,1555
2656,3742,1558
2657,1677,1558
2658,1715,1559
2659,2120,1560
2660,2224,1558
2661,1194,1561
2662,3215,1561
2663,3355,1561
2664,1351,1562
2665,2446,1561
2666,2554,1562
2667,2249,1563
2668,2678,1563
2669,3399,1561
2670,421,1564
2671,564,1565
2672,991,1565
2673,1068,1564
2674,1476,1565
2675,3702,1564
2676,3867,1565
2677,1639,1566
2678,1698,1567
2679,2298,1567
2680,3851,1565
2681,358,1565
2682,3628,1567
2683,3882,1567
2684,1115,1568
2685,2422,1567
2686,2478,1569
2687,1277,1569
2688,1394,1569
2689,2856,1570
2690,3288,1571
2691,3558,1570
2692,460,1571
2693,2400,1571
2694,2016,1572
2695,3432,1573
2696,3484,1575
2697,3776,1574
2698,3921,1574
2699,2575,1575
2700,3604,1576
2701,3983,1574
2702,1784,1576
2703,1981,1577
2704,2758,1576
2705,2999,1575
2706,614,1578
2707,3314,1577
2708,357,1582
2709,3719,1578
2710,1762,1581
2711,1672,1582
2712,1697,1582
2713,1740,1582
2714,2141,1583
2715,2510,1583
2716,3684,1583
2717,275,1584
2718,972,1584
2719,3659,1585
2720,1200,1587
2721,3559,1586
2722,3636,1586
2723,407,1588
2724,1623,1587
2725,3262,1587
2726,1290,1588
2727,2411,1588
2728,2684,1588
2729,3513,1588
2730,3882,1588
2731,2452,1589
2732,3474,1590
2733,3736,1589
2734,454,1592
2735,2540,1591
2736,333,1591
2737,2871,1593
2738,1378,1594
2739,2218,1595
2740,2578,1595
2741,3843,1595
2742,2107,1596
2743,2297,1596
2744,3371,1595
2745,3944,1596
2746,2985,1598
2747,3182,1598
2748,3197,1597
2749,647,1600
2750,1020,1599
2751,2172,1599
2752,3317,1600
2753,2399,1601
2754,2432,1601
2755,2844,1600
2756,3352,1600
2757,3443,1600
2758,3532,1601
2759,221,1601
2760,1278,1601
2761,1517,1600
2762,3295,1601
2763,3414,1601
2764,3510,1603
2765,3606,1601
2766,3751,1602
2767,3258,1607
2768,3489,1603
2769,252,1605
2770,931,1608
2771,1718,1606
2772,2598,1607
2773,3635,1606
2774,721,1606
2775,3156,1606
2776,1482,1608
2777,1993,1608
2778,3909,1608
2779,1180,1609
2780,3388,1613
2781,1362,1610
2782,1325,1612
2783,2141,1612
2784,2698,1612
2785,3028,1613
2786,4018,1613
2787,2627,1614
2788,2765,1612
2789,3208,1613
2790,620,1615
2791,1265,1616
2792,1524,1615
2793,1577,1614
2794,1807,1615
2795,562,1616
2796,2018,1614
2797,2889,1617
2798,3470,1618
2799,363,1617
2800,2070,1617
2801,3935,1617
2802,1855,1618
2803,1942,1618
2804,3855,1620
2805,954,1620
2806,1392,1620
2807,2213,1621
2808,777,1624
2809,2842,1622
2810,3364,1623
2811,664,1624
2812,2567,1624
2813,3335,1624
2814,460,1624
2815,1086,1626
2816,1673,1625
2817,3502,1626
2818,977,1628
2819,1164,1627
2820,2665,1626
2821,3002,1626
2822,3440,1627
2823,1033,1628
2824,1057,1626
2825,646,1629
2826,1340,1630
2827,1452,1630
2828,3139,1631
2829,1297,1632
2830,1319,1632
2831,2031,1632
2832,2696,1632
2833,2773,1633
2834,3401,1634
2835,3534,1633
2836,3966,1633
2837,1480,1634
2838,1908,1633
2839,178,1635
2840,737,1635
2841,1149,1635
2842,1257,1635
2843,2007,1636
2844,2138,1637
2845,2546,1636
2846,3157,1636
2847,3186,1637
2848,2164,1638
2849,2360,1637
2850,3919,1637
2851,1698,1640
2852,2859,1638
2853,3943,1636
2854,717,1641
2855,1208,1639
2856,1534,1641
2857,2826,1641
2858,3254,1642
2859,2600,1642
2860,2795,1643
2861,4026,1641
2862,417,1644
2863,1059,1644
2864,2989,1644
2865,1237,1646
2866,472,1647
2867,821,1646
2868,1098,1647
2869,1183,1647
2870,2274,1648
2871,2479,1647
2872,3375,1649
2873,2432,1649
2874,225,1651
2875,1657,1650
2876,3056,1648
2877,608,1653
2878,698,1652
2879,805,1652
2880,1333,1652
2881,2047,1653
2882,1392,1654
2883,1854,1653
2884,1943,1653
2885,2556,1654
2886,1144,1654
2887,1805,1654
2888,2739,1654
2889,2967,1655
2890,3850,1656
2891,1042,1656
2892,1315,1656
2893,1619,1655
2894,2188,1655
2895,3108,1656
2896,339,1657
2897,920,1657
2898,3044,1656
2899,3494,1658
2900,3932,1658
2901,2625,1659
2902,3028,1658
2903,3432,1660
2904,382,1660
2905,2853,1661
2906,2509,1661
2907,3407,1661
2908,2084,1663
2909,3064,1662
2910,3986,1662
2911,497,1666
2912,1444,1662
2913,2454,1664
2914,2537,1664
2915,2831,1663
2916,3349,1665
2917,193,1665
2918,1063,1665
2919,2289,1665
2920,1466,1667
2921,2995,1666
2922,115,1668
2923,1163,1669
2924,1212,1667
2925,1641,1669
2926,1892,1669
2927,2220,1669
2928,2362,1669
2929,4015,1669
2930,941,1671
2931,2029,1671
2932,2902,1671
2933,3148,1671
2934,1494,1672
2935,1991,1671
2936,2639,1671
2937,3165,1672
2938,3920,1674
2939,1677,1673
2940,2326,1673
2941,2869,1672
2942,417,1675
2943,3053,1676
2944,1100,1675
2945,1352,1675
2946,1423,1674
2947,2100,1676
2948,2253,1675
2949,2951,1677
2950,2976,1676
2951,3868,1675
2952,1252,1677
2953,1523,1676
2954,3126,1680
2955,1914,1682
2956,2622,1680
2957,3019,1683
2958,2877,1684
2959,3078,1685
2960,1585,1683
2961,1816,1685
2962,3961,1683
2963,1397,1684
2964,1652,1686
2965,1765,1686
2966,3942,1685
2967,2748,1688
2968,2777,1686
2969,2854,1688
2970,1538,1688
2971,1737,1687
2972,1973,1687
2973,2598,1689
2974,2795,1687
2975,4001,1689
2976,1618,1689
2977,2049,1687
2978,2079,1689
2979,2235,1690
2980,2703,1689
2981,1559,1690
2982,2008,1691
2983,2686,1690
2984,3164,1691
2985,518,1692
2986,1337,1693
2987,2342,1692
2988,2648,1692
2989,3690,1692
2990,3927,1691
2991,1060,1693
2992,1288,1692
2993,3455,1693
2994,3763,1693
2995,116,1696
2996,1313,1694
2997,1681,1695
2998,303,1696
2999,719,1695
3000,3980,1696
3001,1223,1698
3002,2462,1698
3003,1411,1701
3004,1792,1700
3005,1844,1700
3006,2177,1699
3007,3910,1696
3008,2804,1701
3009,1095,1702
3010,1246,1702
3011,2771,1703
3012,647,1704
3013,2104,1704
3014,2438,1703
3015,3878,1703
3016,1574,1706
3017,2724,1704
3018,382,1706
3019,549,1706
3020,600,1707
3021,1041,1707
3022,2211,1706
3023,3741,1707
3024,811,1708
3025,1072,1710
3026,1353,1710
3027,2707,1711
3028,2738,1712
3029,2753,1710
3030,1699,1712
3031,1821,1711
3032,479,1713
3033,1966,1714
3034,2534,1712
3035,3602,1713
3036,3714,1711
3037,769,1714
3038,2381,1713
3039,3151,1714
3040,232,1715
3041,729,1714
3042,2655,1715
3043,2763,1719
3044,2822,1716
3045,1436,1717
3046,1640,1716
3047,2041,1718
3048,2245,1718
3049,2554,1719
3050,3005,1719
3051,3971,1718
3052,1466,1720
3053,3335,1719
3054,3784,1718
3055,3875,1721
3056,1907,1720
3057,1995,1721
3058,2355,1721
3059,3731,1721
3060,3842,1720
3061,2572,1722
3062,2723,1723
3063,396,1725
3064,1032,1723
3065,1947,1725
3066,1091,1725
3067,2212,1726
3068,2481,1726
3069,452,1725
3070,1666,1726
3071,2447,1727
3072,3381,1726
3073,3760,1725
3074,1580,1728
3075,2506,1728
3076,3715,1728
3077,3892,1726
3078,358,1729
3079,640,1729
3080,1068,1729
3081,1482,1729
3082,2281,1728
3083,214,1731
3084,260,1730
3085,1825,1732
3086,2625,1729
3087,3625,1731
3088,1615,1732
3089,2389,1731
3090,2526,1732
3091,3597,1731
3092,3948,1731
3093,2464,1732
3094,3698,1731
3095,3497,1734
3096,3808,1735
3097,731,1737
3098,2416,1738
3099,1019,1737
3100,2138,1735
3101,965,1737
3102,3731,1740
3103,986,1741
3104,1895,1740
3105,2550,1741
3106,2840,1739
3107,3019,1740
3108,3676,1738
3109,3781,1738
3110,1270,1741
3111,2237,1741
3112,2599,1740
3113,3879,1742
3114,560,1743
3115,1494,1742
3116,2452,1744
3117,2925,1743
3118,789,1743
3119,1657,1743
3120,3906,1744
3121,449,1746
3122,2163,1746
3123,667,1747
3124,2367,1748
3125,2703,1746
3126,3759,1747
3127,3520,1748
3128,3852,1747
3129,3974,1747
3130,1448,1749
3131,1986,1748
3132,2116,1747
3133,2508,1749
3134,100,1751
3135,1076,1751
3136,2210,1750
3137,3421,1750
3138,157,1752
3139,2018,1750
3140,2626,1752
3141,3389,1752
3142,3545,1751
3143,3782,1753
3144,414,1753
3145,924,1753
3146,2046,1752
3147,2315,1753
3148,3086,1753
3149,3648,1752
3150,3453,1753
3151,3699,1755
3152,1587,1755
3153,1657,1757
3154,1719,1756
3155,2085,1755
3156,2438,1756
3157,3477,1755
3158,3596,1755
3159,837,1757
3160,2139,1758
3161,2287,1755
3162,741,1759
3163,964,1758
3164,1050,1759
3165,3728,1759
3166,1028,1759
3167,2667,1760
3168,3577,1762
3169,324,1761
3170,1880,1761
3171,2101,1760
3172,3679,1760
3173,980,1762
3174,1518,1762
3175,3355,1762
3176,794,1763
3177,2394,1764
3178,3892,1764
3179,3627,1765
3180,589,1767
3181,1379,1766
3182,1665,1767
3183,3433,1767
3184,3852,1768
3185,691,1769
3186,1134,1769
3187,1609,1769
3188,1959,1769
3189,2254,1768
3190,2475,1769
3191,2723,1769
3192,3420,1771
3193,3450,1771
3194,1196,1773
3195,2157,1773
3196,3941,1773
3197,2277,1776
3198,3503,1773
3199,3536,1773
3200,3684,1775
3201,3765,1774
3202,1065,1777
3203,1435,1775
3204,1836,1776
3205,936,1778
3206,2012,1777
3207,2096,1778
3208,3477,1776
3209,2120,1779
3210,2140,1780
3211,146,1779
3212,3660,1781
3213,3158,1780
3214,495,1781
3215,1014,1782
3216,2225,1781
3217,986,1783
3218,386,1785
3219,1223,1783
3220,1281,1784
3221,3883,1785
3222,1790,1785
3223,2325,1780
3224,3724,1786
3225,552,1787
3226,1561,1787
3227,1620,1787
3228,1742,1787
3229,1769,1787
3230,2039,1787
3231,3035,1787
3232,3127,1785
3233,3355,1788
3234,3602,1786
3235,1859,1789
3236,3525,1788
3237,1540,1790
3238,2359,1790
3239,3282,1789
3240,253,1791
3241,1598,1790
3242,3333,1791
3243,3464,1793
3244,3509,1792
3245,3635,1792
3246,3419,1795
3247,1302,1795
3248,1690,1794
3249,282,1797
3250,1970,1796
3251,3445,1798
3252,203,1798
3253,3860,1798
3254,329,1799
3255,1246,1800
3256,1712,1798
3257,626,1800
3258,1892,1801
3259,3490,1802
3260,889,1802
3261,1871,1802
3262,2892,1802
3263,3140,1803
3264,1460,1801
3265,3123,1805
3266,3209,1805
3267,2093,1805
3268,3174,1807
3269,1918,1807
3270,3102,1806
3271,3585,1807
3272,3941,1808
3273,3289,1810
3274,3540,1808
3275,3617,1811
3276,437,1812
3277,1904,1812
3278,3884,1812
3279,4020,1812
3280,1557,1813
3281,670,1815
3282,2200,1813
3283,3071,1814
3284,3156,1813
3285,2076,1816
3286,3258,1814
3287,3511,1816
3288,478,1817
3289,1030,1815
3290,1607,1815
3291,1702,1817
3292,2849,1816
3293,3115,1819
3294,1731,1819
3295,1478,1819
3296,2928,1818
3297,3275,1819
3298,590,1819
3299,1589,1821
3300,3048,1823
3301,958,1822
3302,999,1823
3303,1857,1822
3304,3865,1822
3305,1336,1823
3306,3560,1823
3307,1448,1824
3308,1571,1826
3309,258,1827
3310,1219,1825
3311,2102,1828
3312,1091,1827
3313,1116,1828
3314,1190,1827
3315,3019,1828
3316,3139,1829
3317,3595,1828
3318,1394,1831
3319,2235,1830
3320,2922,1832
3321,2824,1828
3322,1827,1834
3323,2011,1833
3324,2867,1833
3325,3897,1833
3326,1708,1835
3327,3454,1835
3328,171,1836
3329,1134,1836
3330,2850,1836
3331,1238,1837
3332,1777,1836
3333,3265,1836
3334,3397,1837
3335,3490,1838
3336,241,1839
3337,372,1839
3338,458,1839
3339,590,1839
3340,861,1839
3341,1469,1839
3342,2670,1839
3343,3574,1838
3344,3642,1838
3345,3838,1838
3346,1801,1841
3347,191,1841
3348,711,1842
3349,980,1840
3350,1079,1841
3351,1431,1841
3352,3535,1840
3353,1046,1842
3354,1164,1843
3355,3817,1843
3356,1212,1844
3357,1878,1843
3358,3739,1843
3359,545,1845
3360,1184,1848
3361,1594,1844
3362,3857,1845
3363,1110,1846
3364,1680,1847
3365,3047,1847
3366,3215,1844
3367,3775,1847
3368,1276,1846
3369,1298,1847
3370,3611,1851
3371,1487,1850
3372,2771,1851
3373,3240,1849
3374,3327,1851
3375,298,1852
3376,1451,1852
3377,3428,1853
3378,1097,1853
3379,1139,1853
3380,2727,1854
3381,2753,1854
3382,491,1855
3383,574,1855
3384,656,1854
3385,1573,1855
3386,1698,1855
3387,1903,1855
3388,3482,1854
3389,1237,1857
3390,1771,1857
3391,4002,1856
3392,1067,1859
3393,2257,1858
3394,3668,1857
3395,3885,1857
3396,1339,1859
3397,2197,1858
3398,3531,1860
3399,984,1862
3400,1421,1860
3401,1593,1863
3402,1721,1861
3403,3031,1860
3404,1867,1863
3405,2227,1862
3406,2928,1861
3407,181,1864
3408,3403,1864
3409,512,1864
3410,1118,1863
3411,2588,1864
3412,2801,1863
3413,3552,1865
3414,3693,1865
3415,538,1865
3416,1474,1866
3417,1745,1866
3418,138,1866
3419,677,1867
3420,728,1866
3421,2001,1869
3422,610,1870
3423,1035,1868
3424,1286,1871
3425,1443,1870
3426,2862,1869
3427,642,1871
3428,2832,1871
3429,3735,1871
3430,379,1872
3431,443,1872
3432,1087,1873
3433,1147,1873
3434,1312,1872
3435,2646,1870
3436,2728,1872
3437,3252,1873
3438,3467,1870
3439,2682,1871
3440,3018,1874
3441,3219,1871
3442,2613,1875
3443,1800,1877
3444,2903,1877
3445,3048,1877
3446,3503,1876
3447,3654,1878
3448,1229,1878
3449,750,1880
3450,2170,1877
3451,575,1883
3452,1112,1883
3453,2782,1883
3454,3291,1882
3455,3851,1882
3456,1055,1884
3457,1500,1882
3458,1621,1882
3459,2204,1884
3460,3877,1883
3461,479,1884
3462,1017,1884
3463,1166,1883
3464,4023,1885
3465,832,1885
3466,1785,1886
3467,2497,1886
3468,2935,1887
3469,673,1886
3470,1548,1886
3471,2243,1887
3472,2733,1889
3473,1433,1889
3474,1519,1887
3475,2694,1888
3476,3430,1888
3477,596,1889
3478,3462,1891
3479,1151,1891
3480,1210,1891
3481,1325,1891
3482,2570,1887
3483,2673,1891
3484,319,1892
3485,3815,1894
3486,1297,1893
3487,1872,1893
3488,451,1895
3489,648,1895
3490,1189,1894
3491,1983,1894
3492,3597,1894
3493,1668,1896
3494,3911,1895
3495,733,1897
3496,2980,1898
3497,3774,1897
3498,3741,1898
3499,1711,1901
3500,3949,1899
3501,509,1901
3502,2854,1901
3503,3174,1901
3504,785,1904
3505,1167,1904
3506,2536,1902
3507,3264,1902
3508,3417,1903
3509,367,1904
3510,760,1904
3511,1234,1903
3512,2007,1904
3513,2637,1904
3514,3237,1905
3515,248,1905
3516,1019,1904
3517,1419,1905
3518,1532,1907
3519,2824,1904
3520,2301,1907
3521,1605,1907
3522,3103,1908
3523,1213,1909
3524,1308,1910
3525,3565,1909
3526,2614,1911
3527,2658,1909
3528,3139,1910
3529,1193,1913
3530,1353,1913
3531,2906,1912
3532,1633,1914
3533,534,1914
3534,1252,1914
3535,3442,1915
3536,196,1916
3537,722,1918
3538,1087,1918
3539,1765,1918
3540,1879,1918
3541,2701,1917
3542,3603,1916
3543,577,1917
3544,2028,1919
3545,2204,1919
3546,271,1920
3547,2797,1920
3548,3795,1920
3549,2428,1921
3550,1021,1923
3551,1319,1923
3552,1403,1922
3553,2582,1922
3554,2769,1921
3555,3581,1923
3556,3738,1923
3557,2235,1923
3558,2456,1925
3559,3662,1924
3560,110,1925
3561,2274,1927
3562,2481,1925
3563,2508,1925
3564,1211,1928
3565,3407,1927
3566,137,1928
3567,1104,1927
3568,1582,1927
3569,1898,1928
3570,2335,1928
3571,3265,1926
3572,968,1929
3573,2668,1930
3574,512,1931
3575,1738,1931
3576,2864,1930
3577,1523,1932
3578,3987,1932
3579,224,1932
3580,2645,1934
3581,246,1935
3582,294,1935
3583,348,1936
3584,1609,1937
3585,1953,1936
3586,1296,1938
3587,2534,1935
3588,2952,1937
3589,3377,1939
3590,1842,1940
3591,3290,1940
3592,3604,1941
3593,1914,1941
3594,2752,1941
3595,3558,1940
3596,166,1943
3597,535,1942
3598,2198,1944
3599,2687,1943
3600,591,1943
3601,771,1944
3602,1994,1944
3603,2177,1944
3604,3163,1942
3605,323,1945
3606,1243,1945
3607,1545,1946
3608,2587,1947
3609,3068,1945
3610,3141,1946
3611,1016,1946
3612,1191,1945
3613,1391,1948
3614,2365,1946
3615,3239,1945
3616,460,1948
3617,1125,1948
3618,2618,1948
3619,3262,1948
3620,2325,1949
3621,3109,1948
3622,3536,1949
3623,282,1950
3624,2465,1950
3625,2843,1949
3626,1482,1952
3627,1819,1952
3628,3196,1951
3629,2393,1953
3630,2543,1954
3631,2653,1951
3632,3027,1953
3633,3173,1953
3634,1742,1954
3635,2488,1955
3636,230,1957
3637,2046,1957
3638,3217,1958
3639,745,1958
3640,1430,1958
3641,1778,1958
3642,3433,1958
3643,2718,1959
3644,312,1961
3645,616,1962
3646,985,1962
3647,1048,1960
3648,3951,1962
3649,269,1963
3650,1411,1961
3651,2666,1962
3652,2764,1963
3653,3559,1963
3654,1464,1963
3655,3607,1965
3656,1007,1965
3657,1024,1966
3658,2633,1966
3659,2798,1965
3660,2832,1967
3661,838,1966
3662,3876,1965
3663,444,1968
3664,1916,1968
3665,3281,1968
3666,252,1968
3667,902,1969
3668,1141,1968
3669,1654,1969
3670,2125,1968
3671,3116,1969
3672,561,1970
3673,1798,1968
3674,3093,1971
3675,3232,1971
3676,3253,1971
3677,3531,1971
3678,808,1971
3679,968,1973
3680,1261,1971
3681,1628,1972
3682,2687,1972
3683,1291,1972
3684,1446,1974
3685,874,1975
3686,1182,1974
3687,161,1975
3688,1813,1977
3689,2162,1976
3690,1071,1976
3691,2734,1977
3692,1426,1980
3693,2485,1979
3694,1974,1980
3695,2445,1980
3696,210,1980
3697,2352,1980
3698,2408,1980
3699,2511,1980
3700,3936,1981
3701,236,1983
3702,302,1982
3703,1685,1982
3704,1715,1982
3705,1743,1982
3706,2374,1981
3707,2598,1981
3708,2645,1982
3709,1005,1984
3710,3305,1983
3711,3332,1984
3712,766,1985
3713,2001,1985
3714,1278,1987
3715,2669,1988
3716,624,1988
3717,1351,1988
3718,3030,1988
3719,3878,1989
3720,190,1990
3721,1145,1990
3722,2031,1986
3723,3529,1988
3724,3551,1989
3725,2198,1990
3726,2310,1990
3727,857,1992
3728,1089,1992
3729,2687,1991
3730,584,1994
3731,2331,1994
3732,3359,1994
3733,683,1995
3734,2392,1994
3735,2561,1996
3736,3617,1995
3737,3722,1996
3738,1293,1997
3739,1511,1997
3740,1622,1997
3741,1853,1997
3742,2620,1996
3743,1169,1998
3744,1323,1997
3745,1958,1998
3746,3164,1998
3747,3192,1997
3748,1917,2000
3749,2376,2000
3750,2509,2002
3751,2635,2002
3752,3231,2001
3753,450,2003
3754,1117,2002
3755,1271,2003
3756,2056,2000
3757,2286,2001
3758,3143,2002
3759,3295,2003
3760,235,2004
3761,1828,2004
3762,2738,2005
3763,3076,2004
3764,3669,2004
3765,295,2006
3766,1879,2005
3767,3262,2005
3768,3842,2005
3769,754,2006
3770,985,2007
3771,2035,2008
3772,3638,2007
3773,1494,2009
3774,3459,2009
3775,3522,2007
3776,352,2010
3777,1023,2011
3778,1473,2010
3779,1439,2013
3780,1805,2012
3781,1938,2014
3782,1240,2014
3783,2270,2013
3784,2393,2015
3785,180,2015
3786,1099,2015
3787,1987,2014
3788,3121,2015
3789,3559,2022
3790,1607,2015
3791,3698,2016
3792,1679,2016
3793,1732,2019
3794,1656,2019
3795,1703,2019
3796,3185,2020
3797,1275,2021
3798,1765,2020
3799,2073,2021
3800,2713,2019
3801,3051,2020
3802,1321,2022
3803,1532,2023
3804,2366,2023
3805,3017,2024
3806,1211,2026
3807,649,2027
3808,1298,2025
3809,605,2028
3810,2028,2029
3811,3516,2027
3812,3583,2027
3813,1084,2030
3814,1570,2029
3815,1595,2027
3816,1629,2029
3817,2108,2029
3818,2165,2030
3819,209,2030
3820,1034,2032
3821,1689,2032
3822,2779,2031
3823,3608,2031
3824,2188,2032
3825,2267,2033
3826,2419,2032
3827,3031,2031
3828,1125,2034
3829,1791,2034
3830,2341,2034
3831,168,2036
3832,796,2037
3833,1178,2036
3834,3152,2037
3835,1458,2040
3836,3121,2039
3837,3453,2039
3838,3821,2038
3839,467,2040
3840,2541,2040
3841,3483,2041
3842,440,2042
3843,1726,2042
3844,1412,2043
3845,2708,2042
3846,3942,2043
3847,1649,2045
3848,2063,2046
3849,3021,2046
3850,3538,2047
3851,194,2047
3852,261,2047
3853,863,2047
3854,3700,2046
3855,2094,2050
3856,3596,2050
3857,1668,2050
3858,2323,2050
3859,1327,2051
3860,1610,2053
3861,2291,2052
3862,2360,2052
3863,2497,2051
3864,414,2052
3865,2809,2053
3866,3729,2053
3867,761,2055
3868,1632,2055
3869,2879,2056
3870,1575,2056
3871,2466,2056
3872,3617,2057
3873,141,2057
3874,487,2058
3875,1688,2057
3876,1712,2060
3877,2686,2059
3878,2719,2059
3879,60,2061
3880,3107,2060
3881,3802,2060
3882,1183,2062
3883,1260,2062
3884,1212,2063
3885,1438,2063
3886,2766,2063
3887,3567,2063
3888,653,2063
3889,679,2064
3890,1130,2064
3891,188,2066
3892,1156,2065
3893,3511,2066
3894,1042,2067
3895,2930,2068
3896,3891,2068
3897,1389,2067
3898,1554,2069
3899,1073,2069
3900,2252,2069
3901,3017,2070
3902,838,2071
3903,3546,2075
3904,3857,2072
3905,76,2075
3906,716,2073
3907,1358,2074
3908,1516,2073
3909,2901,2073
3910,740,2072
3911,2714,2077
3912,3218,2074
3913,1741,2076
3914,1958,2076
3915,92,2080
3916,146,2079
3917,2446,2079
3918,1107,2080
3919,2740,2080
3920,3283,2078
3921,2308,2087
3922,111,2083
3923,2188,2084
3924,2522,2083
3925,3107,2084
3926,3262,2082
3927,3308,2083
3928,761,2084
3929,1193,2083
3930,1369,2087
3931,1399,2085
3932,2105,2087
3933,2829,2085
3934,2991,2086
3935,658,2087
3936,2871,2087
3937,3240,2086
3938,3406,2086
3939,3934,2086
3940,263,2088
3941,1263,2088
3942,1841,2088
3943,1654,2090
3944,3377,2090
3945,596,2090
3946,689,2091
3947,1092,2092
3948,1793,2090
3949,185,2091
3950,1479,2092
3951,1543,2092
3952,2417,2091
3953,743,2095
3954,963,2094
3955,3202,2094
3956,3777,2089
3957,3812,2094
3958,2213,2096
3959,1931,2096
3960,2240,2096
3961,3440,2095
3962,426,2097
3963,717,2098
3964,1164,2098
3965,1193,2102
3966,1574,2097
3967,1897,2097
3968,2908,2097
3969,2932,2097
3970,3290,2099
3971,1698,2099
3972,4019,2099
3973,2531,2100
3974,2763,2100
3975,2960,2099
3976,1382,2103
3977,3852,2102
3978,3897,2101
3979,1815,2104
3980,3266,2103
3981,3696,2103
3982,366,2104
3983,1242,2105
3984,1301,2104
3985,3091,2105
3986,2168,2105
3987,2280,2106
3988,3132,2105
3989,2678,2107
3990,1018,2107
3991,2844,2106
3992,3333,2108
3993,160,2109
3994,303,2110
3995,1271,2109
3996,1512,2109
3997,3623,2110
3998,199,2111
3999,753,2110
4000,3240,2111
4001,3655,2110
4002,644,2114
4003,3305,2113
4004,920,2113
4005,1850,2115
4006,2422,2115
4007,518,2114
4008,893,2115
4009,1558,2116
4010,2857,2119
4011,3934,2116
4012,488,2117
4013,3156,2117
4014,3360,2114
4015,3469,2116
4016,3590,2118
4017,2616,2120
4018,2908,2119
4019,179,2121
4020,420,2120
4021,864,2121
4022,3219,2121
4023,2976,2122
4024,593,2123
4025,763,2122
4026,2236,2126
4027,2317,2125
4028,982,2126
4029,1359,2125
4030,1418,2126
4031,3182,2125
4032,3281,2126
4033,2470,2127
4034,2700,2127
4035,3387,2129
4036,3950,2129
4037,3976,2128
4038,3078,2129
4039,3690,2129
4040,740,2131
4041,3876,2130
4042,1317,2131
4043,1974,2131
4044,393,2133
4045,1213,2133
4046,2157,2135
4047,2878,2133
4048,3342,2142
4049,3254,2135
4050,1385,2137
4051,3619,2136
4052,346,2137
4053,1136,2137
4054,2536,2137
4055,2678,2138
4056,3127,2137
4057,146,2139
4058,1522,2139
4059,615,2140
4060,754,2142
4061,1552,2142
4062,1922,2141
4063,2795,2139
4064,482,2142
4065,3026,2140
4066,3479,2142
4067,937,2142
4068,2223,2143
4069,716,2145
4070,1016,2143
4071,1078,2143
4072,2269,2144
4073,2604,2145
4074,2640,2143
4075,2497,2144
4076,3676,2147
4077,1116,2146
4078,3005,2147
4079,3595,2146
4080,2457,2149
4081,2768,2150
4082,892,2153
4083,100,2152
4084,968,2151
4085,1352,2153
4086,2662,2153
4087,2847,2153
4088,3046,2153
4089,1722,2155
4090,2213,2154
4091,3081,2155
4092,3760,2154
4093,1977,2156
4094,2005,2156
4095,2407,2156
4096,1097,2158
4097,2292,2159
4098,3363,2159
4099,3393,2158
4100,3573,2160
4101,3850,2160
4102,1947,2162
4103,2079,2161
4104,2152,2162
4105,2478,2161
4106,2237,2164
4107,2814,2163
4108,441,2164
4109,2196,2163
4110,2513,2163
4111,634,2166
4112,737,2167
4113,796,2166
4114,2787,2166
4115,3146,2167
4116,3616,2169
4117,3013,2171
4118,3489,2170
4119,2429,2172
4120,1071,2170
4121,864,2173
4122,1107,2173
4123,3381,2176
4124,3810,2173
4125,673,2175
4126,1280,2176
4127,2667,2174
4128,3114,2175
4129,1546,2176
4130,1902,2177
4131,3420,2176
4132,3644,2176
4133,3048,2179
4134,3452,2179
4135,2212,2178
4136,2506,2180
4137,1593,2180
4138,2175,2181
4139,3544,2184
4140,1088,2184
4141,2134,2183
4142,2774,2185
4143,1776,2185
4144,2024,2184
4145,3086,2186
4146,3959,2187
4147,1742,2190
4148,3588,2189
4149,1017,2188
4150,1060,2191
4151,2196,2192
4152,3234,2191
4153,3695,2192
4154,2685,2194
4155,3396,2192
4156,3865,2192
4157,590,2194
4158,3146,2195
4159,2157,2197
4160,2230,2197
4161,2524,2197
4162,1077,2201
4163,2106,2198
4164,2211,2199
4165,664,2201
4166,821,2199
4167,1367,2199
4168,2499,2201
4169,1645,2200
4170,3177,2201
4171,3842,2201
4172,1612,2202
4173,2475,2203
4174,3379,2204
4175,2136,2207
4176,1710,2209
4177,492,2209
4178,1035,2211
4179,2352,2210
4180,2941,2210
4181,3100,2211
4182,3411,2213
4183,3235,2217
4184,1199,2218
4185,1659,2219
4186,2167,2218
4187,1904,2218
4188,2971,2218
4189,206,2220
4190,2210,2222
4191,1493,2223
4192,1929,2224
4193,2115,2223
4194,2186,2224
4195,3156,2223
4196,1996,2226
4197,2380,2228
4198,61,2229
4199,556,2229
4200,880,2230
4201,906,2232
4202,1465,2232
4203,1957,2230
4204,2087,2228
4205,2911,2232
4206,3676,2232
4207,516,2234
4208,611,2235
4209,1894,2234
4210,2056,2233
4211,2445,2234
4212,3325,2235
4213,453,2236
4214,792,2235
4215,1852,2236
4216,1976,2235
4217,288,2236
4218,1169,2236
4219,1230,2238
4220,3305,2238
4221,1369,2240
4222,3218,2239
4223,585,2241
4224,2351,2241
4225,2859,2240
4226,2955,2241
4227,2037,2242
4228,2637,2242
4229,2984,2241
4230,821,2244
4231,3447,2241
4232,220,2246
4233,728,2246
4234,2806,2247
4235,2834,2245
4236,2066,2250
4237,917,2251
4238,1195,2254
4239,2262,2250
4240,358,2252
4241,772,2254
4242,1887,2253
4243,2016,2252
4244,2466,2253
4245,126,2256
4246,1415,2256
4247,3134,2256
4248,3228,2256
4249,1306,2257
4250,1441,2256
4251,1973,2258
4252,3648,2256
4253,152,2260
4254,2543,2259
4255,2885,2259
4256,1100,2261
4257,1597,2260
4258,2187,2260
4259,3430,2264
4260,707,2263
4261,2121,2262
4262,2620,2264
4263,2285,2265
4264,510,2267
4265,825,2267
4266,1573,2267
4267,1704,2267
4268,1916,2266
4269,2049,2267
4270,486,2268
4271,1535,2269
4272,1684,2269
4273,2572,2269
4274,3198,2266
4275,3256,2265
4276,214,2273
4277,915,2272
4278,2910,2271
4279,3599,2272
4280,2008,2272
4281,2377,2274
4282,2033,2276
4283,2404,2279
4284,2830,2280
4285,3085,2277
4286,3220,2280
4287,3856,2277
4288,2720,2279
4289,3814,2280
4290,3279,2280
4291,315,2283
4292,3636,2282
4293,3996,2281
4294,1299,2283
4295,2435,2283
4296,1677,2286
4297,880,2286
4298,1978,2286
4299,4021,2287
4300,496,2288
4301,770,2287
4302,718,2288
4303,2050,2290
4304,2539,2290
4305,2775,2291
4306,694,2291
4307,2593,2291
4308,3332,2292
4309,3718,2291
4310,3777,2291
4311,921,2293
4312,1920,2294
4313,2007,2294
4314,100,2295
4315,2805,2294
4316,1646,2296
4317,3104,2299
4318,3412,2296
4319,3575,2297
4320,2484,2298
4321,3299,2300
4322,1020,2301
4323,1280,2301
4324,524,2302
4325,2903,2303
4326,2985,2303
4327,284,2302
4328,1454,2303
4329,2027,2303
4330,2845,2303
4331,3616,2304
4332,561,2304
4333,2458,2307
4334,1673,2308
4335,3370,2307
4336,728,2310
4337,878,2311
4338,204,2311
4339,1258,2311
4340,1808,2311
4341,1832,2310
4342,2961,2311
4343,919,2315
4344,3485,2316
4345,1335,2318
4346,3191,2315
4347,4025,2316
4348,419,2317
4349,2663,2318
4350,3039,2317
4351,1365,2319
4352,1389,2320
4353,1897,2318
4354,2014,2327
4355,2722,2321
4356,3337,2320
4357,672,2322
4358,1490,2322
4359,3512,2323
4360,1788,2324
4361,2039,2325
4362,2593,2324
4363,1031,2328
4364,1410,2326
4365,2926,2327
4366,3544,2326
4367,3596,2327
4368,1006,2329
4369,2780,2327
4370,512,2330
4371,1763,2330
4372,2299,2329
4373,1299,2329
4374,1968,2328
4375,3367,2332
4376,1916,2333
4377,3302,2334
4378,2197,2336
4379,2839,2336
4380,236,2336
4381,397,2335
4382,1471,2335
4383,3484,2337
4384,203,2339
4385,930,2338
4386,3129,2338
4387,337,2341
4388,969,2339
4389,2892,2340
4390,3083,2340
4391,3340,2341
4392,1429,2343
4393,3857,2344
4394,1935,2342
4395,1900,2347
4396,2031,2346
4397,3529,2346
4398,2814,2346
4399,617,2350
4400,3107,2349
4401,3263,2349
4402,1192,2351
4403,2496,2352
4404,1241,2353
4405,1618,2352
4406,2757,2351
4407,2870,2352
4408,1323,2350
4409,3147,2354
4410,3504,2354
4411,3589,2353
4412,2114,2354
4413,2675,2355
4414,291,2357
4415,442,2357
4416,128,2360
4417,236,2359
4418,984,2359
4419,1686,2361
4420,2555,2361
4421,3346,2361
4422,3707,2360
4423,208,2362
4424,1712,2361
4425,1764,2362
4426,1922,2362
4427,3287,2361
4428,1011,2362
4429,1048,2362
4430,1441,2365
4431,3462,2362
4432,1475,2365
4433,2200,2365
4434,3610,2367
4435,3843,2368
4436,861,2370
4437,955,2370
4438,3056,2369
4439,1948,2370
4440,2585,2371
4441,263,2373
4442,1344,2372
4443,2803,2374
4444,3118,2373
4445,1110,2374
4446,1293,2373
4447,884,2376
4448,2104,2376
4449,2958,2377
4450,1419,2378
4451,1184,2378
4452,1375,2379
4453,1905,2379
4454,2611,2379
4455,3309,2379
4456,3366,2379
4457,3482,2381
4458,3645,2380
4459,1801,2377
4460,1847,2382
4461,2706,2382
4462,3579,2381
4463,3335,2384
4464,231,2384
4465,805,2384
4466,980,2386
4467,1927,2385
4468,3697,2381
4469,3737,2383
4470,2245,2383
4471,3077,2385
4472,3248,2385
4473,1069,2386
4474,1612,2388
4475,914,2388
4476,1253,2389
4477,1742,2390
4478,3447,2391
4479,3613,2392
4480,1655,2396
4481,3219,2396
4482,1952,2399
4483,3356,2397
4484,1908,2399
4485,404,2399
4486,1481,2399
4487,1278,2402
4488,1432,2401
4489,2450,2402
4490,2801,2401
4491,1006,2403
4492,1514,2402
4493,2259,2406
4494,1629,2406
4495,1824,2403
4496,1540,2408
4497,3480,2408
4498,99,2410
4499,623,2408
4500,2964,2409
4501,3560,2409
4502,194,2410
4503,816,2411
4504,1408,2410
4505,2315,2412
4506,2767,2412
4507,2010,2414
4508,2122,2415
4509,1729,2416
4510,1887,2415
4511,2581,2417
4512,1249,2417
4513,3232,2417
4514,1143,2419
4515,226,2417
4516,396,2421
4517,1076,2419
4518,1371,2420
4519,2894,2418
4520,885,2423
4521,970,2425
4522,1511,2425
4523,1828,2429
4524,2871,2425
4525,3093,2425
4526,608,2427
4527,910,2423
4528,1100,2427
4529,3334,2428
4530,458,2428
4531,1040,2429
4532,1437,2429
4533,2794,2430
4534,4021,2431
4535,544,2432
4536,574,2431
4537,1947,2432
4538,2191,2432
4539,2325,2433
4540,107,2433
4541,659,2432
4542,1875,2433
4543,2298,2434
4544,141,2436
4545,211,2437
4546,3585,2437
4547,3468,2437
4548,1266,2439
4549,1924,2435
4550,122,2440
4551,1616,2440
4552,833,2439
4553,2892,2443
4554,3556,2443
4555,513,2442
4556,1214,2443
4557,2963,2444
4558,1365,2446
4559,1465,2444
4560,3156,2448
4561,3432,2444
4562,3885,2447
4563,484,2448
4564,885,2448
4565,915,2447
4566,1090,2449
4567,1067,2448
4568,3719,2453
4569,1394,2450
4570,1792,2451
4571,390,2452
4572,1876,2453
4573,3408,2454
4574,1119,2455
4575,998,2456
4576,1231,2456
4577,1330,2456
4578,3486,2455
4579,2689,2459
4580,2786,2456
4581,567,2459
4582,3503,2459
4583,842,2460
4584,1693,2460
4585,2862,2460
4586,234,2463
4587,2247,2462
4588,1031,2464
4589,1474,2466
4590,1561,2464
4591,1592,2466
4592,2833,2468
4593,3460,2467
4594,1758,2468
4595,505,2470
4596,359,2470
4597,910,2470
4598,3589,2468
4599,536,2471
4600,1873,2472
4601,3821,2472
4602,1224,2473
4603,2808,2475
4604,2974,2472
4605,3973,2473
4606,1425,2472
4607,2327,2473
4608,2581,2474
4609,1454,2476
4610,1851,2476
4611,2303,2477
4612,3291,2479
4613,143,2479
4614,2666,2480
4615,3159,2480
4616,3490,2479
4617,3123,2481
4618,3325,2482
4619,982,2483
4620,163,2485
4621,819,2484
4622,903,2485
4623,1912,2484
4624,2104,2485
4625,489,2488
4626,3559,2485
4627,1411,2488
4628,2343,2488
4629,197,2489
4630,1246,2491
4631,2275,2497
4632,3425,2490
4633,636,2493
4634,1436,2493
4635,1456,2496
4636,2219,2494
4637,3602,2494
4638,396,2495
4639,762,2496
4640,1508,2497
4641,441,2497
4642,3040,2495
4643,127,2497
4644,1065,2497
4645,3524,2498
4646,1774,2499
4647,2173,2500
4648,2681,2501
4649,881,2500
4650,3947,2500
4651,3348,2502
4652,3501,2503
4653,97,2503
4654,419,2503
4655,910,2503
4656,1853,2503
4657,1959,2504
4658,178,2505
4659,1172,2505
4660,2367,2505
4661,3224,2505
4662,1881,2506
4663,1936,2507
4664,2816,2504
4665,151,2508
4666,673,2510
4667,1394,2508
4668,3480,2509
4669,1366,2509
4670,2346,2510
4671,2736,2508
4672,2993,2509
4673,2392,2510
4674,2957,2511
4675,327,2511
4676,795,2514
4677,1663,2514
4678,1796,2514
4679,3567,2513
4680,1043,2514
4681,2770,2513
4682,3020,2515
4683,2919,2516
4684,3412,2516
4685,3439,2516
4686,1755,2518
4687,1023,2518
4688,1481,2518
4689,85,2518
4690,3597,2520
4691,863,2520
4692,894,2522
4693,2808,2527
4694,1079,2525
4695,2235,2526
4696,2701,2527
4697,3111,2527
4698,758,2528
4699,1855,2528
4700,1929,2527
4701,2373,2528
4702,2425,2529
4703,1240,2531
4704,2553,2530
4705,3542,2533
4706,2512,2527
4707,1003,2534
4708,925,2533
4709,1694,2533
4710,185,2535
4711,344,2536
4712,3254,2537
4713,2773,2538
4714,3587,2539
4715,880,2543
4716,1880,2539
4717,2457,2540
4718,682,2543
4719,851,2543
4720,3131,2544
4721,819,2546
4722,2322,2550
4723,985,2551
4724,3944,2551
4725,585,2552
4726,1482,2552
4727,1926,2553
4728,3038,2553
4729,904,2554
4730,1088,2554
4731,1392,2552
4732,3645,2554
4733,1898,2560
4734,1691,2558
4735,1262,2557
4736,1859,2558
4737,2370,2559
4738,3158,2557
4739,1443,2560
4740,1772,2559
4741,560,2561
4742,3705,2560
4743,254,2560
4744,658,2561
4745,1511,2561
4746,2709,2562
4747,2758,2562
4748,174,2565
4749,1029,2566
4750,3181,2566
4751,601,2566
4752,1541,2565
4753,2737,2566
4754,854,2569
4755,1068,2570
4756,990,2571
4757,1744,2570
4758,3609,2569
4759,3955,2571
4760,2628,2572
4761,3059,2573
4762,275,2575
4763,1111,2576
4764,1398,2576
4765,1788,2574
4766,1814,2575
4767,1592,2581
4768,2440,2578
4769,2839,2576
4770,2956,2579
4771,1274,2581
4772,1995,2579
4773,1838,2583
4774,1879,2583
4775,3019,2584
4776,2464,2586
4777,290,2591
4778,1435,2589
4779,2019,2591
4780,3773,2590
4781,3981,2591
4782,1220,2590
4783,1618,2591
4784,3354,2594
4785,491,2596
4786,881,2593
4787,1794,2597
4788,3310,2596
4789,564,2596
4790,2857,2597
4791,466,2597
4792,3687,2597
4793,986,2600
4794,1060,2594
4795,1865,2600
4796,1817,2603
4797,1020,2600
4798,2504,2602
4799,900,2605
4800,1390,2605
4801,333,2605
4802,1043,2605
4803,132,2607
4804,868,2608
4805,3748,2609
4806,274,2610
4807,922,2608
4808,1204,2609
4809,1362,2610
4810,1901,2608
4811,1989,2608
4812,3113,2612
4813,1067,2616
4814,2684,2613
4815,3392,2614
4816,3590,2614
4817,841,2617
4818,1446,2616
4819,2767,2616
4820,3663,2616
4821,1026,2619
4822,1314,2617
4823,3529,2617
4824,2224,2622
4825,733,2624
4826,515,2625
4827,2480,2624
4828,421,2626
4829,934,2626
4830,2007,2629
4831,3925,2626
4832,1044,2629
4833,1827,2629
4834,1903,2629
4835,161,2631
4836,1969,2630
4837,3984,2638
4838,376,2633
4839,765,2634
4840,1427,2633
4841,2078,2635
4842,1014,2634
4843,1232,2635
4844,2647,2635
4845,2785,2637
4846,3685,2634
4847,3299,2635
4848,699,2635
4849,3197,2640
4850,3546,2640
4851,796,2639
4852,1057,2642
4853,2320,2641
4854,931,2645
4855,2702,2642
4856,233,2644
4857,3517,2645
4858,1195,2645
4859,2144,2647
4860,258,2647
4861,1029,2648
4862,658,2650
4863,3961,2648
4864,1925,2652
4865,3467,2652
4866,467,2653
4867,1529,2654
4868,1110,2655
4869,1305,2654
4870,3664,2654
4871,1003,2655
4872,1445,2657
4873,3791,2655
4874,1975,2657
4875,2035,2656
4876,2616,2658
4877,3079,2657
4878,442,2659
4879,1060,2660
4880,1717,2658
4881,208,2661
4882,1220,2662
4883,1255,2661
4884,1847,2659
4885,3223,2661
4886,362,2663
4887,1394,2665
4888,1036,2667
4889,823,2661
4890,933,2668
4891,1017,2669
4892,1342,2667
4893,3432,2668
4894,1621,2669
4895,2063,2669
4896,3189,2672
4897,981,2673
4898,1597,2671
4899,912,2675
4900,2697,2674
4901,3153,2675
4902,1312,2679
4903,1954,2674
4904,2648,2675
4905,3600,2675
4906,885,2677
4907,1003,2679
4908,1098,2678
4909,428,2681
4910,2808,2679
4911,682,2682
4912,2027,2683
4913,3798,2681
4914,805,2684
4915,2524,2687
4916,3398,2688
4917,3348,2689
4918,3450,2690
4919,1932,2692
4920,3209,2693
4921,3564,2693
4922,1847,2692
4923,2668,2696
4924,1971,2696
4925,3627,2695
4926,1820,2696
4927,860,2699
4928,1890,2698
4929,3155,2699
4930,4027,2699
4931,929,2699
4932,2703,2702
4933,577,2702
4934,827,2703
4935,2223,2703
4936,3431,2706
4937,212,2707
4938,388,2706
4939,798,2707
4940,1075,2708
4941,2798,2709
4942,3888,2709
4943,736,2711
4944,1397,2711
4945,1995,2711
4946,1732,2711
4947,1921,2713
4948,255,2715
4949,3033,2714
4950,1452,2716
4951,2464,2715
4952,3408,2717
4953,2288,2716
4954,3914,2717
4955,1293,2719
4956,1540,2720
4957,2582,2720
4958,2097,2721
4959,1809,2721
4960,587,2723
4961,941,2724
4962,3705,2723
4963,1594,2727
4964,3594,2726
4965,3624,2727
4966,843,2729
4967,1257,2729
4968,395,2731
4969,423,2727
4970,2554,2730
4971,2972,2730
4972,3014,2731
4973,218,2733
4974,3560,2734
4975,3735,2733
4976,551,2736
4977,974,2734
4978,1917,2735
4979,1957,2735
4980,3941,2733
4981,297,2737
4982,1145,2736
4983,1479,2738
4984,599,2740
4985,748,2740
4986,1731,2742
4987,2445,2741
4988,2124,2743
4989,2179,2743
4990,255,2747
4991,428,2749
4992,1773,2747
4993,318,2748
4994,1848,2748
4995,358,2747
4996,1821,2750
4997,2955,2748
4998,945,2750
4999,2999,2752
5000,3257,2751
5001,3638,2751
5002,620,2751
5003,1876,2752
5004,2222,2750
5005,224,2753
5006,1906,2753
5007,2858,2752
5008,3716,2754
5009,3866,2753
5010,813,2754
5011,2527,2755
5012,2810,2754
5013,3161,2754
5014,185,2755
5015,453,2755
5016,571,2757
5017,2107,2760
5018,2369,2761
5019,2404,2757
5020,3915,2758
5021,875,2761
5022,482,2763
5023,2429,2764
5024,2476,2763
5025,1449,2766
5026,3184,2764
5027,3808,2764
5028,163,2766
5029,407,2766
5030,1305,2765
5031,3444,2766
5032,3660,2767
5033,846,2767
5034,2836,2768
5035,267,2770
5036,1737,2769
5037,384,2770
5038,1110,2771
5039,2954,2772
5040,214,2773
5041,773,2772
5042,2296,2772
5043,1170,2775
5044,2005,2775
5045,655,2777
5046,1210,2777
5047,2691,2777
5048,3844,2778
5049,357,2778
5050,1587,2777
5051,503,2778
5052,1054,2779
5053,1866,2777
5054,1919,2778
5055,1945,2779
5056,1978,2779
5057,3497,2782
5058,3568,2778
5059,2627,2783
5060,196,2786
5061,2403,2783
5062,2980,2784
5063,3428,2784
5064,728,2784
5065,170,2786
5066,1190,2786
5067,2319,2785
5068,283,2787
5069,3242,2788
5070,142,2790
5071,311,2791
5072,381,2792
5073,1032,2789
5074,3945,2791
5075,1776,2792
5076,2780,2791
5077,3185,2794
5078,343,2794
5079,833,2793
5080,1825,2792
5081,2279,2792
5082,1798,2795
5083,3209,2796
5084,2448,2796
5085,443,2798
5086,792,2798
5087,895,2798
5088,2370,2799
5089,2679,2801
5090,3800,2799
5091,1919,2802
5092,164,2805
5093,3685,2804
5094,1441,2805
5095,473,2806
5096,285,2809
5097,507,2807
5098,1272,2808
5099,2403,2810
5100,258,2809
5101,1184,2810
5102,1993,2810
5103,2325,2810
5104,661,2813
5105,1054,2813
5106,1137,2815
5107,867,2815
5108,1360,2815
5109,3234,2815
5110,3155,2817
5111,2650,2818
5112,3128,2818
5113,758,2818
5114,1405,2818
5115,2351,2819
5116,2767,2820
5117,375,2821
5118,728,2820
5119,1942,2820
5120,2080,2822
5121,2265,2820
5122,1918,2823
5123,3504,2823
5124,3946,2823
5125,2960,2828
5126,3777,2829
5127,411,2828
5128,3578,2831
5129,166,2832
5130,905,2830
5131,3099,2833
5132,481,2835
5133,1562,2836
5134,2138,2836
5135,2321,2835
5136,2411,2835
5137,1431,2836
5138,2009,2836
5139,2921,2839
5140,241,2839
5141,1529,2838
5142,978,2831
5143,1118,2841
5144,1914,2841
5145,2387,2841
5146,3530,2842
5147,1479,2843
5148,2586,2844
5149,2167,2847
5150,1510,2848
5151,2560,2847
5152,3225,2846
5153,313,2847
5154,447,2847
5155,3302,2849
5156,387,2850
5157,1837,2849
5158,731,2851
5159,999,2853
5160,3075,2852
5161,3387,2853
5162,668,2853
5163,3121,2855
5164,1638,2854
5165,1982,2857
5166,2081,2856
5167,2433,2856
5168,1918,2860
5169,1324,2863
5170,3357,2861
5171,1459,2863
5172,2530,2863
5173,230,2864
5174,2206,2864
5175,2752,2865
5176,268,2864
5177,486,2867
5178,338,2866
5179,429,2868
5180,758,2868
5181,1428,2866
5182,2110,2868
5183,556,2869
5184,1560,2871
5185,3329,2870
5186,827,2871
5187,3448,2870
5188,1748,2874
5189,3753,2874
5190,981,2876
5191,2389,2876
5192,692,2877
5193,1832,2879
5194,3638,2879
5195,173,2881
5196,855,2881
5197,1529,2880
5198,3243,2880
5199,1120,2881
5200,1177,2881
5201,1377,2883
5202,1440,2886
5203,2554,2884
5204,1932,2883
5205,2082,2885
5206,328,2886
5207,366,2885
5208,578,2886
5209,2141,2888
5210,1147,2889
5211,1499,2890
5212,2436,2889
5213,419,2891
5214,1334,2891
5215,2773,2891
5216,3433,2890
5217,743,2893
5218,665,2894
5219,3081,2894
5220,1669,2894
5221,1739,2896
5222,237,2896
5223,714,2896
5224,3114,2899
5225,1913,2898
5226,3192,2899
5227,982,2900
5228,2213,2899
5229,2359,2901
5230,3741,2901
5231,942,2903
5232,2840,2904
5233,3417,2907
5234,316,2907
5235,339,2908
5236,403,2908
5237,494,2908
5238,3634,2908
5239,777,2911
5240,1123,2912
5241,2331,2912
5242,3290,2913
5243,3602,2912
5244,1193,2913
5245,2089,2914
5246,3959,2911
5247,635,2914
5248,1735,2918
5249,3317,2919
5250,1576,2918
5251,3254,2918
5252,561,2919
5253,716,2922
5254,1344,2921
5255,3571,2921
5256,389,2924
5257,1951,2923
5258,3193,2924
5259,3819,2925
5260,212,2925
5261,3977,2927
5262,2859,2927
5263,306,2930
5264,801,2928
5265,1149,2929
5266,3877,2929
5267,2487,2932
5268,1397,2931
5269,2184,2933
5270,607,2935
5271,964,2935
5272,1642,2935
5273,3703,2935
5274,2447,2936
5275,373,2937
5276,3128,2938
5277,3547,2937
5278,283,2939
5279,2420,2940
5280,2936,2940
5281,1023,2941
5282,1705,2941
5283,331,2944
5284,3198,2946
5285,3275,2946
5286,1914,2947
5287,3861,2947
5288,895,2949
5289,1885,2949
5290,2972,2949
5291,1347,2950
5292,1490,2952
5293,2737,2952
5294,718,2951
5295,1551,2953
5296,1764,2954
5297,803,2955
5298,3002,2955
5299,1728,2958
5300,2711,2957
5301,3843,2958
5302,357,2954
5303,1596,2958
5304,2196,2957
5305,395,2958
5306,1319,2963
5307,1405,2965
5308,1530,2968
5309,2940,2967
5310,212,2967
5311,704,2970
5312,2796,2968
5313,1240,2969
5314,2281,2970
5315,847,2973
5316,1347,2973
5317,3296,2974
5318,2636,2975
5319,3029,2976
5320,361,2979
5321,3331,2977
5322,949,2978
5323,250,2980
5324,1443,2979
5325,3490,2980
5326,1482,2980
5327,1662,2981
5328,1594,2984
5329,1868,2981
5330,4026,2981
5331,629,2984
5332,1370,2984
5333,2679,2983
5334,1327,2987
5335,2069,2984
5336,1797,2989
5337,3731,2990
5338,1565,2991
5339,3406,2994
5340,688,2994
5341,475,2995
5342,2772,2994
5343,198,2997
5344,451,2996
5345,2037,2995
5346,3839,2996
5347,1058,3001
5348,1400,3002
5349,225,3002
5350,3574,3004
5351,1474,3003
5352,2690,3003
5353,1034,3006
5354,1927,3007
5355,1842,3008
5356,2880,3008
5357,3546,3009
5358,1010,3010
5359,1344,3009
5360,3147,3008
5361,2856,3012
5362,4008,3011
5363,1197,3014
5364,1443,3013
5365,2737,3014
5366,1742,3017
5367,380,3018
5368,852,3019
5369,778,3020
5370,990,3019
5371,3833,3020
5372,256,3021
5373,643,3021
5374,807,3021
5375,1562,3020
5376,2053,3021
5377,1493,3024
5378,1589,3022
5379,3412,3024
5380,1876,3025
5381,3484,3024
5382,2226,3025
5383,3740,3027
5384,505,3028
5385,2199,3027
5386,2670,3027
5387,1718,3028
5388,2770,3029
5389,4010,3030
5390,285,3030
5391,3168,3030
5392,2033,3031
5393,2121,3030
5394,2805,3031
5395,544,3033
5396,1902,3031
5397,1816,3032
5398,2268,3034
5399,977,3036
5400,2689,3035
5401,3845,3037
5402,2878,3038
5403,1104,3039
5404,2169,3040
5405,2557,3039
5406,2609,3038
5407,1021,3042
5408,1056,3041
5409,1610,3042
5410,1762,3042
5411,1396,3043
5412,2528,3043
5413,3959,3044
5414,673,3046
5415,826,3046
5416,2797,3047
5417,1551,3047
5418,2016,3047
5419,2248,3048
5420,1569,3051
5421,1586,3050
5422,1172,3050
5423,1909,3051
5424,2358,3050
5425,800,3051
5426,1481,3050
5427,1818,3053
5428,2481,3051
5429,3626,3050
5430,1329,3053
5431,2147,3052
5432,2912,3052
5433,3786,3053
5434,298,3055
5435,1742,3055
5436,2658,3056
5437,376,3057
5438,2612,3058
5439,2765,3058
5440,473,3059
5441,1265,3058
5442,1461,3059
5443,2867,3061
5444,600,3065
5445,2381,3065
5446,3143,3065
5447,3406,3067
5448,1411,3068
5449,1614,3068
5450,1920,3069
5451,2406,3067
5452,1130,3069
5453,1526,3069
5454,2168,3069
5455,1492,3072
5456,1807,3072
5457,1580,3074
5458,2083,3074
5459,2530,3074
5460,2918,3074
5461,223,3075
5462,397,3076
5463,1660,3076
5464,2801,3075
5465,650,3077
5466,1680,3073
5467,1902,3077
5468,3565,3077
5469,3638,3077
5470,1282,3078
5471,2989,3078
5472,1438,3080
5473,1636,3080
5474,1865,3081
5475,2435,3081
5476,2833,3082
5477,2853,3082
5478,302,3082
5479,2188,3083
5480,3880,3082
5481,726,3085
5482,2129,3084
5483,560,3085
5484,1458,3085
5485,2002,3086
5486,2485,3087
5487,1377,3089
5488,1891,3088
5489,3701,3088
5490,3775,3088
5491,905,3090
5492,1206,3090
5493,2760,3089
5494,1822,3093
5495,1939,3091
5496,3214,3093
5497,3897,3093
5498,1490,3096
5499,2360,3095
5500,2242,3097
5501,1469,3098
5502,305,3100
5503,1653,3101
5504,2094,3100
5505,2730,3100
5506,1417,3101
5507,2306,3102
5508,454,3102
5509,1561,3103
5510,547,3104
5511,1594,3105
5512,1684,3104
5513,2448,3104
5514,571,3105
5515,675,3107
5516,1885,3107
5517,2973,3107
5518,3177,3106
5519,740,3108
5520,2470,3108
5521,1740,3109
5522,2000,3110
5523,2789,3111
5524,3237,3111
5525,3452,3111
5526,1864,3112
5527,2411,3112
5528,274,3113
5529,409,3111
5530,860,3113
5531,3829,3108
5532,1485,3116
5533,3897,3116
5534,295,3118
5535,1713,3116
5536,2629,3115
5537,3292,3116
5538,1535,3118
5539,1947,3117
5540,1913,3118
5541,932,3121
5542,1326,3119
5543,386,3121
5544,3869,3122
5545,2435,3125
5546,3013,3124
5547,754,3126
5548,891,3125
5549,1448,3128
5550,2916,3128
5551,3188,3128
5552,421,3128
5553,1468,3130
5554,2960,3128
5555,3639,3128
5556,1669,3130
5557,2128,3128
5558,2175,3131
5559,1406,3131
5560,2725,3134
5561,2637,3136
5562,827,3136
5563,3331,3136
5564,3561,3137
5565,2307,3138
5566,3406,3137
5567,654,3139
5568,2031,3139
5569,2221,3138
5570,3076,3139
5571,307,3140
5572,468,3140
5573,867,3140
5574,1763,3140
5575,2934,3140
5576,2106,3141
5577,2341,3141
5578,3168,3141
5579,3261,3142
5580,3828,3144
5581,1710,3145
5582,3287,3143
5583,1173,3145
5584,1554,3145
5585,615,3147
5586,1317,3147
5587,2151,3147
5588,2450,3146
5589,2989,3146
5590,280,3149
5591,796,3148
5592,2279,3148
5593,437,3149
5594,1504,3151
5595,1849,3150
5596,2901,3152
5597,843,3153
5598,3861,3153
5599,1393,3153
5600,753,3156
5601,1437,3156
5602,1817,3157
5603,1118,3158
5604,1531,3161
5605,2095,3161
5606,2545,3161
5607,3305,3160
5608,3909,3160
5609,1373,3164
5610,1981,3162
5611,1416,3165
5612,3323,3164
5613,3539,3163
5614,408,3165
5615,2022,3165
5616,2237,3164
5617,3270,3166
5618,1162,3168
5619,1294,3168
5620,2524,3169
5621,2566,3169
5622,3163,3168
5623,3886,3170
5624,723,3169
5625,1451,3171
5626,1214,3170
5627,2259,3171
5628,2473,3174
5629,649,3175
5630,2075,3175
5631,2334,3173
5632,3825,3174
5633,3351,3173
5634,523,3178
5635,2192,3177
5636,1144,3179
5637,1249,3179
5638,742,3182
5639,2611,3180
5640,2769,3183
5641,925,3184
5642,897,3185
5643,1962,3185
5644,1996,3186
5645,561,3187
5646,2714,3187
5647,3152,3189
5648,3282,3188
5649,422,3189
5650,701,3189
5651,809,3190
5652,1092,3189
5653,1494,3189
5654,2319,3190
5655,320,3191
5656,2033,3190
5657,2666,3190
5658,3598,3189
5659,1415,3193
5660,2152,3192
5661,2496,3195
5662,3622,3195
5663,1000,3196
5664,1211,3198
5665,3228,3197
5666,1378,3199
5667,3855,3198
5668,3022,3201
5669,2177,3201
5670,2275,3201
5671,451,3203
5672,785,3203
5673,3096,3203
5674,346,3203
5675,3251,3202
5676,2300,3205
5677,2342,3204
5678,3129,3206
5679,3532,3205
5680,3580,3205
5681,1252,3207
5682,3309,3205
5683,508,3209
5684,2006,3210
5685,3649,3209
5686,2730,3210
5687,3783,3212
5688,2144,3213
5689,479,3213
5690,1740,3209
5691,1760,3215
5692,1013,3216
5693,2630,3216
5694,3851,3215
5695,2843,3217
5696,1143,3218
5697,1179,3218
5698,1463,3218
5699,2097,3217
5700,3277,3219
5701,532,3219
5702,557,3218
5703,862,3222
5704,1710,3221
5705,2899,3221
5706,3399,3220
5707,938,3222
5708,1070,3221
5709,1283,3222
5710,900,3224
5711,1726,3222
5712,2263,3223
5713,2189,3224
5714,1346,3226
5715,1483,3226
5716,2661,3226
5717,3242,3228
5718,3310,3229
5719,3350,3227
5720,1743,3231
5721,2121,3229
5722,2362,3229
5723,3851,3230
5724,1001,3231
5725,1834,3231
5726,3661,3231
5727,2290,3233
5728,2981,3232
5729,1041,3234
5730,2040,3232
5731,2145,3232
5732,3601,3234
5733,342,3235
5734,733,3236
5735,1175,3236
5736,1322,3232
5737,3769,3236
5738,569,3237
5739,603,3236
5740,454,3238
5741,2619,3239
5742,3382,3239
5743,3426,3238
5744,1094,3238
5745,1234,3239
5746,1908,3239
5747,2093,3240
5748,2750,3240
5749,2827,3239
5750,3011,3240
5751,536,3240
5752,2067,3241
5753,3548,3241
5754,973,3241
5755,1025,3243
5756,1406,3243
5757,2135,3244
5758,2263,3244
5759,3843,3245
5760,372,3245
5761,2000,3245
5762,2160,3246
5763,3284,3246
5764,3470,3248
5765,1310,3252
5766,1351,3251
5767,1473,3252
5768,902,3253
5769,2186,3253
5770,2965,3253
5771,1195,3254
5772,2213,3257
5773,2802,3253
5774,3040,3254
5775,3148,3254
5776,2041,3256
5777,2611,3257
5778,3625,3255
5779,564,3259
5780,1818,3258
5781,1796,3260
5782,520,3260
5783,1106,3263
5784,1382,3261
5785,1925,3261
5786,1141,3262
5787,1861,3265
5788,3852,3264
5789,1709,3266
5790,1762,3264
5791,2088,3266
5792,1031,3267
5793,1263,3269
5794,3548,3268
5795,1167,3270
5796,3657,3270
5797,992,3272
5798,1693,3271
5799,2409,3271
5800,1434,3272
5801,2499,3275
5802,2546,3276
5803,3367,3273
5804,451,3276
5805,686,3275
5806,1529,3276
5807,1616,3276
5808,2951,3275
5809,3171,3275
5810,1076,3277
5811,2111,3276
5812,2787,3277
5813,2829,3277
5814,414,3278
5815,1892,3278
5816,2205,3277
5817,3831,3280
5818,504,3280
5819,2156,3279
5820,2596,3281
5821,3581,3287
5822,2015,3283
5823,2136,3282
5824,3469,3282
5825,842,3284
5826,1317,3283
5827,2467,3284
5828,863,3285
5829,1776,3285
5830,1811,3285
5831,1968,3285
5832,2070,3284
5833,3616,3284
5834,386,3287
5835,1041,3287
5836,2276,3287
5837,3409,3289
5838,1113,3290
5839,1142,3290
5840,1743,3290
5841,2192,3290
5842,1637,3291
5843,2170,3293
5844,1845,3293
5845,2230,3293
5846,743,3294
5847,1917,3295
5848,2906,3295
5849,2969,3289
5850,557,3296
5851,3383,3297
5852,1668,3299
5853,2370,3298
5854,986,3299
5855,3321,3299
5856,488,3301
5857,1290,3302
5858,709,3304
5859,883,3303
5860,1790,3303
5861,1169,3305
5862,1190,3304
5863,3012,3304
5864,1074,3306
5865,3081,3305
5866,1395,3307
5867,1943,3307
5868,2077,3308
5869,2211,3307
5870,3129,3307
5871,800,3309
5872,2269,3309
5873,2412,3310
5874,1251,3309
5875,2508,3310
5876,2657,3310
5877,3153,3307
5878,402,3311
5879,462,3310
5880,2246,3313
5881,2754,3312
5882,2795,3313
5883,2981,3313
5884,3683,3314
5885,2115,3314
5886,3207,3314
5887,772,3315
5888,1206,3315
5889,1731,3315
5890,2944,3314
5891,3107,3314
5892,3292,3317
5893,683,3318
5894,3040,3317
5895,3780,3318
5896,1539,3319
5897,1885,3319
5898,1651,3321
5899,513,3322
5900,3182,3322
5901,1014,3322
5902,1226,3324
5903,3581,3323
5904,3766,3323
5905,483,3327
5906,1507,3325
5907,1960,3326
5908,2052,3325
5909,3329,3326
5910,1044,3327
5911,1784,3328
5912,2464,3330
5913,1098,3328
5914,1127,3331
5915,1836,3332
5916,1926,3333
5917,1278,3334
5918,423,3336
5919,974,3336
5920,1812,3336
5921,2888,3337
5922,3075,3336
5923,3104,3337
5924,1000,3338
5925,1172,3339
5926,3023,3338
5927,789,3341
5928,2661,3340
5929,3625,3341
5930,363,3342
5931,944,3343
5932,1077,3345
5933,2004,3343
5934,2044,3344
5935,2159,3344
5936,2228,3344
5937,1671,3345
5938,3599,3345
5939,1022,3347
5940,1108,3347
5941,1403,3347
5942,1492,3345
5943,2250,3345
5944,3671,3345
5945,1556,3346
5946,1855,3347
5947,3759,3345
5948,2687,3348
5949,3216,3347
5950,686,3349
5951,761,3349
5952,1249,3351
5953,915,3351
5954,712,3353
5955,1933,3352
5956,2784,3352
5957,3327,3352
5958,3191,3354
5959,3644,3353
5960,1779,3355
5961,3098,3356
5962,3248,3355
5963,1004,3357
5964,3524,3358
5965,2130,3357
5966,394,3359
5967,2599,3360
5968,2656,3359
5969,3575,3360
5970,1207,3361
5971,1127,3362
5972,1571,3364
5973,1864,3366
5974,2733,3364
5975,3694,3365
5976,2024,3365
5977,891,3366
5978,1333,3366
5979,2084,3366
5980,1724,3368
5981,3753,3370
5982,1894,3370
5983,2047,3372
5984,2145,3370
5985,2688,3372
5986,2283,3373
5987,2321,3374
5988,3208,3374
5989,1468,3375
5990,1992,3375
5991,2793,3376
5992,3254,3376
5993,1511,3378
5994,2638,3378
5995,2754,3375
5996,983,3378
5997,1548,3377
5998,2611,3379
5999,2662,3379
6000,1093,3381
6001,1117,3380
6002,3551,3380
6003,1195,3381
6004,1943,3382
6005,3497,3382
6006,530,3384
6007,955,3387
6008,1529,3388
6009,2061,3387
6010,2718,3387
6011,2477,3388
6012,3713,3388
6013,2362,3390
6014,1774,3391
6015,2809,3391
6016,3066,3387
6017,1337,3392
6018,1492,3392
6019,2014,3393
6020,507,3394
6021,602,3393
6022,913,3394
6023,2259,3393
6024,1005,3396
6025,2037,3394
6026,3521,3396
6027,1362,3396
6028,3114,3395
6029,1318,3400
6030,1857,3398
6031,2094,3397
6032,1569,3399
6033,1990,3399
6034,2451,3398
6035,1211,3400
6036,1550,3403
6037,2391,3401
6038,1175,3402
6039,3407,3403
6040,3220,3404
6041,3243,3404
6042,2774,3405
6043,1148,3407
6044,2653,3408
6045,886,3409
6046,2423,3409
6047,579,3410
6048,1243,3410
6049,1968,3410
6050,2993,3410
6051,542,3412
6052,2324,3413
6053,2702,3411
6054,3638,3415
6055,1846,3415
6056,2608,3413
6057,833,3414
6058,1263,3413
6059,2581,3414
6060,2802,3414
6061,1739,3416
6062,1939,3415
6063,2165,3415
6064,1630,3418
6065,3494,3416
6066,1694,3417
6067,2041,3419
6068,3594,3418
6069,2003,3421
6070,2947,3420
6071,1224,3422
6072,2104,3420
6073,2485,3421
6074,2514,3421
6075,711,3422
6076,1534,3422
6077,2242,3423
6078,936,3422
6079,1092,3423
6080,2827,3424
6081,2884,3424
6082,3108,3425
6083,3307,3423
6084,2733,3425
6085,3558,3425
6086,2968,3426
6087,3343,3428
6088,1921,3428
6089,2129,3428
6090,1043,3429
6091,1878,3429
6092,3422,3429
6093,3476,3430
6094,2079,3430
6095,2775,3431
6096,3059,3429
6097,3253,3432
6098,967,3433
6099,1707,3435
6100,1962,3433
6101,614,3435
6102,838,3436
6103,1192,3433
6104,1508,3434
6105,3676,3435
6106,3277,3437
6107,1905,3436
6108,865,3434
6109,1120,3439
6110,3025,3439
6111,1096,3441
6112,2279,3440
6113,3455,3439
6114,1306,3441
6115,1409,3441
6116,3201,3442
6117,2016,3444
6118,2034,3446
6119,2202,3445
6120,3533,3443
6121,556,3446
6122,749,3446
6123,1691,3447
6124,2110,3448
6125,2749,3446
6126,1996,3449
6127,2551,3448
6128,891,3449
6129,3433,3451
6130,1835,3449
6131,1968,3452
6132,2081,3451
6133,3226,3450
6134,2145,3453
6135,2788,3452
6136,3643,3452
6137,1194,3455
6138,2174,3453
6139,487,3454
6140,1015,3456
6141,2477,3455
6142,1512,3457
6143,1036,3459
6144,1551,3459
6145,1915,3458
6146,3045,3459
6147,3164,3460
6148,2768,3462
6149,3405,3461
6150,1390,3461
6151,3490,3462
6152,1412,3466
6153,1443,3466
6154,2071,3466
6155,3383,3466
6156,865,3468
6157,3299,3469
6158,3363,3467
6159,1120,3469
6160,587,3471
6161,972,3471
6162,1855,3470
6163,3021,3470
6164,529,3471
6165,2197,3473
6166,2737,3472
6167,3205,3471
6168,1952,3474
6169,2462,3473
6170,2536,3471
6171,2854,3472
6172,1716,3474
6173,1928,3475
6174,2046,3474
6175,3471,3475
6176,1671,3475
6177,1832,3481
6178,2651,3480
6179,476,3483
6180,1364,3481
6181,1528,3483
6182,2022,3481
6183,2169,3482
6184,930,3483
6185,1410,3484
6186,1393,3486
6187,3453,3486
6188,2551,3488
6189,2694,3486
6190,1056,3488
6191,2142,3487
6192,3431,3487
6193,498,3489
6194,1120,3489
6195,1287,3489
6196,2002,3489
6197,3356,3491
6198,3408,3489
6199,1333,3491
6200,1491,3491
6201,1663,3492
6202,691,3491
6203,2918,3490
6204,3008,3493
6205,556,3495
6206,1157,3494
6207,1265,3492
6208,1421,3494
6209,2069,3493
6210,2782,3492
6211,3647,3495
6212,901,3496
6213,1199,3496
6214,3558,3496
6215,3380,3499
6216,530,3501
6217,1943,3501
6218,1172,3503
6219,3475,3503
6220,2654,3505
6221,2986,3505
6222,3129,3504
6223,1830,3506
6224,1033,3507
6225,1119,3508
6226,2042,3509
6227,1971,3508
6228,1296,3511
6229,3417,3513
6230,1192,3514
6231,1379,3513
6232,1922,3514
6233,1994,3513
6234,1658,3513
6235,2181,3514
6236,3528,3513
6237,1502,3516
6238,3441,3516
6239,2959,3517
6240,748,3517
6241,1065,3517
6242,2528,3519
6243,2823,3518
6244,1158,3519
6245,2499,3519
6246,2994,3521
6247,2676,3522
6248,2749,3520
6249,3378,3522
6250,1329,3522
6251,3178,3522
6252,3292,3522
6253,3322,3523
6254,3345,3521
6255,949,3523
6256,1136,3524
6257,2879,3523
6258,3467,3524
6259,1423,3524
6260,2359,3525
6261,3569,3525
6262,1851,3526
6263,2586,3526
6264,3069,3526
6265,3643,3528
6266,1877,3526
6267,556,3530
6268,1823,3530
6269,3617,3528
6270,1967,3531
6271,1258,3533
6272,2134,3533
6273,2631,3533
6274,3043,3533
6275,765,3534
6276,1173,3535
6277,1539,3531
6278,1037,3536
6279,1464,3534
6280,2907,3536
6281,1647,3537
6282,3008,3537
6283,1062,3539
6284,2855,3539
6285,1089,3540
6286,596,3541
6287,2480,3540
6288,3541,3540
6289,3592,3544
6290,1147,3541
6291,2754,3542
6292,3394,3544
6293,2781,3544
6294,3319,3547
6295,898,3549
6296,1590,3550
6297,974,3552
6298,1477,3553
6299,1861,3554
6300,1704,3555
6301,2177,3555
6302,2230,3555
6303,3478,3556
6304,1970,3558
6305,2709,3557
6306,748,3559
6307,999,3560
6308,1155,3562
6309,1510,3562
6310,1804,3562
6311,2494,3562
6312,3429,3562
6313,3513,3561
6314,1916,3564
6315,2360,3564
6316,3129,3565
6317,2065,3566
6318,850,3567
6319,1525,3567
6320,1638,3568
6321,1093,3570
6322,1194,3569
6323,1307,3569
6324,723,3571
6325,813,3570
6326,574,3572
6327,2920,3574
6328,2952,3572
6329,3560,3574
6330,917,3576
6331,1250,3577
6332,1738,3576
6333,1065,3576
6334,3097,3578
6335,605,3579
6336,965,3578
6337,1935,3580
6338,2701,3581
6339,753,3582
6340,2756,3582
6341,875,3583
6342,1335,3584
6343,1970,3583
6344,2030,3583
6345,698,3585
6346,776,3584
6347,1451,3584
6348,1501,3584
6349,2483,3585
6350,585,3590
6351,894,3589
6352,1050,3590
6353,1172,3590
6354,1281,3589
6355,1127,3591
6356,1085,3593
6357,2881,3593
6358,1833,3594
6359,2829,3593
6360,3281,3594
6361,2949,3597
6362,801,3599
6363,953,3601
6364,979,3601
6365,1253,3602
6366,2725,3602
6367,1950,3602
6368,2849,3605
6369,830,3606
6370,1209,3605
6371,1381,3607
6372,3330,3610
6373,1065,3611
6374,1971,3614
6375,1150,3613
6376,1288,3613
6377,2295,3617
6378,2185,3614
6379,879,3614
6380,678,3617
6381,1032,3617
6382,2231,3618
6383,3534,3617
6384,606,3620
6385,1081,3622
6386,1313,3621
6387,2877,3622
6388,777,3622
6389,991,3622
6390,3289,3623
6391,1823,3623
6392,1941,3625
6393,1349,3625
6394,1440,3628
6395,3065,3627
6396,730,3630
6397,1268,3631
6398,1767,3631
6399,693,3633
6400,808,3633
6401,945,3631
6402,2312,3631
6403,2362,3632
6404,3563,3634
6405,612,3634
6406,1247,3635
6407,1159,3635
6408,1483,3637
6409,2284,3635
6410,2848,3636
6411,886,3639
6412,1218,3639
6413,1923,3639
6414,3040,3638
6415,2492,3640
6416,2819,3640
6417,3536,3640
6418,1359,3643
6419,637,3643
6420,1296,3642
6421,767,3645
6422,1275,3645
6423,1381,3646
6424,1954,3646
6425,2134,3645
6426,834,3646
6427,1024,3648
6428,1176,3648
6429,707,3650
6430,2883,3648
6431,1136,3651
6432,1820,3652
6433,1969,3651
6434,1068,3651
6435,1316,3653
6436,1544,3652
6437,3292,3653
6438,2662,3655
6439,3512,3654
6440,1089,3655
6441,1759,3658
6442,861,3658
6443,2336,3659
6444,1221,3661
6445,1341,3660
6446,1624,3661
6447,893,3662
6448,1281,3664
6449,2722,3666
6450,3315,3665
6451,960,3666
6452,2403,3666
6453,1324,3669
6454,1249,3669
6455,1364,3668
6456,1069,3672
6457,1107,3672
6458,1528,3671
6459,2569,3673
6460,1502,3675
6461,1588,3676
6462,918,3676
6463,1739,3678
6464,687,3679
6465,790,3678
6466,1205,3679
6467,2042,3679
6468,1678,3681
6469,2192,3681
6470,3042,3682
6471,1849,3681
6472,3456,3684
6473,1014,3685
6474,1327,3688
6475,1354,3687
6476,1384,3686
6477,2961,3688
6478,3302,3689
6479,816,3689
6480,979,3690
6481,1811,3688
6482,2346,3690
6483,2389,3689
6484,2597,3689
6485,1153,3690
6486,1617,3692
6487,3432,3693
6488,1234,3696
6489,767,3697
6490,1055,3698
6491,1262,3698
6492,2897,3697
6493,3262,3699
6494,3377,3698
6495,907,3696
6496,1090,3700
6497,1407,3700
6498,1714,3701
6499,3407,3702
6500,1183,3702
6501,3151,3704
6502,697,3707
6503,1324,3707
6504,1965,3704
6505,2647,3705
6506,2507,3707
6507,2793,3708
6508,3069,3711
6509,936,3711
6510,1219,3710
6511,1164,3712
6512,1795,3711
6513,917,3715
6514,2926,3713
6515,1370,3714
6516,2091,3716
6517,2878,3714
6518,3181,3716
6519,1936,3717
6520,749,3718
6521,1682,3720
6522,717,3723
6523,783,3724
6524,1138,3723
6525,1882,3722
6526,2533,3721
6527,824,3723
6528,1057,3726
6529,1560,3727
6530,1817,3726
6531,1168,3729
6532,1382,3731
6533,3054,3730
6534,3284,3731
6535,1021,3733
6536,1486,3733
6537,1952,3733
6538,1986,3734
6539,2883,3735
6540,896,3735
6541,3020,3736
6542,2668,3737
6543,1315,3738
6544,1787,3739
6545,2433,3739
6546,1295,3741
6547,1425,3739
6548,2852,3742
6549,1397,3743
6550,2269,3744
6551,1213,3744
6552,1691,3746
6553,1367,3747
6554,1829,3748
6555,3133,3747
6556,1102,3749
6557,1239,3748
6558,2138,3750
6559,1878,3750
6560,1031,3758
6561,2499,3755
6562,768,3757
6563,2008,3756
6564,2889,3759
6565,1748,3758
6566,1162,3759
6567,1498,3759
6568,2725,3760
6569,1202,3761
6570,3100,3761
6571,1255,3764
6572,1310,3762
6573,1449,3765
6574,1770,3763
6575,3289,3763
6576,1069,3765
6577,1135,3765
6578,2441,3765
6579,2811,3771
6580,3028,3770
6581,2843,3772
6582,3150,3772
6583,1230,3777
6584,1536,3775
6585,2136,3775
6586,1381,3776
6587,1878,3777
6588,3076,3778
6589,1845,3780
6590,2703,3778
6591,2775,3779
6592,2266,3782
6593,3185,3780
6594,893,3785
6595,1360,3784
6596,1408,3785
6597,1159,3787
6598,3316,3788
6599,1745,3789
6600,1983,3789
6601,2054,3788
6602,2226,3788
6603,3046,3790
6604,779,3791
6605,2732,3789
6606,1307,3790
6607,1332,3792
6608,1551,3792
6609,1897,3794
6610,2015,3793
6611,2660,3793
6612,1134,3796
6613,2390,3794
6614,2460,3795
6615,3126,3793
6616,1590,3795
6617,870,3797
6618,2072,3798
6619,1006,3799
6620,1572,3796
6621,2421,3799
6622,815,3800
6623,1183,3802
6624,2699,3803
6625,1873,3804
6626,2742,3806
6627,3190,3811
6628,973,3809
6629,1929,3812
6630,2716,3812
6631,1479,3814
6632,1578,3814
6633,3124,3814
6634,1669,3815
6635,884,3817
6636,1553,3817
6637,2097,3818
6638,1367,3819
6639,1699,3817
6640,1775,3818
6641,813,3822
6642,3048,3821
6643,1021,3824
6644,1157,3824
6645,2392,3824
6646,1619,3823
6647,2929,3825
6648,2733,3826
6649,2498,3827
6650,1722,3828
6651,1844,3828
6652,3026,3830
6653,990,3831
6654,2556,3829
6655,1894,3831
6656,2471,3833
6657,2697,3833
6658,1442,3834
6659,2756,3833
6660,3118,3836
6661,930,3840
6662,957,3838
6663,1322,3839
6664,1577,3837
6665,1756,3840
6666,2371,3842
6667,3168,3844
6668,1370,3845
6669,2714,3847
6670,1998,3847
6671,2029,3848
6672,827,3850
6673,1615,3850
6674,1225,3850
6675,1043,3853
6676,1526,3852
6677,1062,3853
6678,1979,3854
6679,2739,3854
6680,3129,3856
6681,2867,3856
6682,1572,3863
6683,2566,3861
6684,2696,3862
6685,1413,3863
6686,2306,3864
6687,3156,3865
6688,1477,3867
6689,1741,3865
6690,1172,3872
6691,1240,3871
6692,2332,3870
6693,2362,3871
6694,1594,3873
6695,1087,3872
6696,1378,3874
6697,1013,3875
6698,2525,3876
6699,956,3876
6700,2922,3878
6701,2675,3879
6702,1345,3881
6703,1551,3880
6704,1117,3881
6705,2092,3883
6706,1641,3883
6707,2246,3886
6708,2005,3884
6709,1145,3886
6710,1209,3887
6711,2435,3887
6712,2315,3890
6713,2852,3890
6714,1413,3890
6715,1747,3891
6716,2995,3893
6717,2581,3895
6718,2705,3894
6719,1027,3896
6720,1092,3897
6721,2359,3897
6722,1049,3896
6723,1781,3898
6724,1847,3898
6725,1617,3898
6726,1674,3898
6727,1122,3901
6728,1698,3903
6729,3023,3902
6730,3102,3903
6731,1571,3905
6732,2671,3907
6733,1922,3909
6734,961,3913
6735,2118,3913
6736,1029,3916
6737,1144,3919
6738,1309,3916
6739,1185,3917
6740,3086,3918
6741,1654,3920
6742,3062,3918
6743,1594,3922
6744,2429,3918
6745,3000,3921
6746,1068,3924
6747,1406,3925
6748,1734,3928
6749,2640,3929
6750,1112,3930
6751,1938,3929
6752,3076,3931
6753,2936,3932
6754,1572,3938
6755,2744,3937
6756,2975,3937
6757,3061,3938
6758,3045,3939
6759,2063,3941
6760,3025,3943
6761,1086,3945
6762,2462,3946
6763,2501,3946
6764,1337,3948
6765,2327,3948
6766,1908,3950
6767,2408,3951
6768,1294,3953
6769,1950,3953
6770,2144,3952
6771,2292,3955
6772,2544,3955
6773,2832,3956
6774,2619,3958
6775,1229,3958
6776,2577,3961
6777,1520,3962
6778,1880,3963
6779,1190,3964
6780,1104,3967
6781,2735,3968
6782,2917,3969
6783,1211,3970
6784,1458,3971
6785,2068,3973
6786,1338,3974
6787,2653,3974
6788,1229,3975
6789,2446,3974
6790,2881,3977
6791,1478,3977
6792,2322,3977
6793,1162,3981
6794,1760,3980
6795,2145,3982
6796,1905,3983
6797,2039,3983
6798,2267,3983
6799,1195,3985
6800,1307,3984
6801,1650,3986
6802,2289,3986
6803,2526,3990
6804,2795,3990
6805,1109,3993
6806,2906,3995
6807,2845,3997
6808,1224,3997
6809,1523,3996
6810,1444,3997
6811,2129,3998
6812,1415,4003
6813,2427,4003
6814,2816,4003
6815,1550,4003
6816,2152,4004
6817,2544,4006
6818,1343,4008
6819,2501,4005
6820,2694,4005
6821,1269,4007
6822,1313,4008
6823,1675,4008
6824,1509,4015
6825,1643,4013
6826,1922,4014
6827,2796,4013
6828,1485,4016
6829,2607,4016
6830,2740,4016
6831,2771,4017
6832,2663,4018
6833,2711,4021
6834,1452,4022
6835,1559,4020
6836,2404,4020
6837,1223,4026
6838,1403,4025
6839,1968,4024
6840,2209,4024
6841,2457,4024
6842,2863,4023
6843,1343,4025
6844,2170,4024
6845,2237,4025
6846,2802,4025
6847,2840,4025
6848,1286,4026
6849,2755,4026
6850,2563,4027
6851,2729,4027
